Rk,Name,Age,Tm,IP,G,GR,GF,Wgr,Lgr,SVOpp,SV,BSv,SV%,SVSit,Hold,IR,IS,IS%,1stIP,aLI,LevHi,LevMd,LevLo,Ahd,Tie,Bhd,Runr,Empt,>3o,<3o,IPmult,0DR,Out/GR,Pit/GR,Name-additional
1,Fernando Abad*,37,COL,6.1,6,6,2,1,0,0,0,0,,0,0,2,2,100%,8,0.432,0,2,4,0,1,5,1,5,2,1,3,1,3.2,24,abadfe01
2,Cory Abbott,27,WSN,27.2,16,16,9,1,2,0,0,0,,0,0,7,5,71%,8,0.4,3,2,11,0,3,13,3,13,10,2,10,0,5.2,33,abbotco01
3,Albert Abreu,27,NYY,55,42,42,18,2,2,0,0,0,,3,3,17,11,65%,7,0.392,8,2,32,9,4,29,12,30,18,7,22,2,3.9,23,abreual01
4,Bryan Abreu,26,HOU,59,60,60,13,3,2,8,4,4,50%,29,21,15,5,33%,8,1.45,22,20,18,37,10,13,9,51,4,5,4,11,3,17,abreubr01
5,Domingo Acevedo,29,OAK,9.1,9,9,1,0,0,2,0,2,0%,4,2,7,5,71%,6,1.075,4,3,2,4,1,4,3,6,2,2,2,1,3.1,19,acevedo01
6,Garrett Acton,25,OAK,5.2,6,6,3,0,0,0,0,0,,0,0,4,2,50%,8,0.898,1,3,2,0,1,5,3,3,2,3,2,1,2.8,21,actonga01
7,Jason Adam,31,TBR,52,53,53,21,4,2,17,11,6,65%,27,10,9,2,22%,8,1.485,23,16,14,39,9,5,5,48,2,6,2,7,2.9,16,adamja01
8,Austin Adams,32,ARI,17.1,24,24,1,0,1,1,0,1,0%,8,7,13,2,15%,8,0.893,5,7,12,10,1,13,9,15,1,12,4,1,2.2,15,adamsau02
9,Ty Adcock,26,SEA,15.2,12,12,4,0,0,0,0,0,,0,0,7,0,0%,7,0.416,2,3,7,4,1,7,4,8,6,2,6,2,3.9,17,adcocty01
10,Joan Adon,24,WSN,18,5,2,2,0,0,0,0,0,,0,0,0,0,,7,0.617,0,0,2,0,0,2,0,2,2,0,2,0,7.5,44,adonjo01
11,Keegan Akin*,28,BAL,23.2,24,23,7,2,2,0,0,0,,3,3,11,5,45%,7,0.755,4,5,14,7,2,14,11,12,7,10,8,3,3,19,akinke01
12,Hanser Alberto,30,CHW,1.2,2,2,2,0,0,0,0,0,,0,0,0,0,,9,0,0,0,2,0,0,2,0,2,0,1,0,0,2.5,17,alberha01
13,Jorge Alcala,27,MIN,15.1,10,10,3,0,1,0,0,0,,2,2,1,0,0%,6,0.434,0,4,6,4,0,6,1,9,6,0,6,0,4.6,28,alcaljo01
14,Scott Alexander*,33,SFG,39,46,39,7,6,0,3,1,2,33%,11,6,25,5,20%,8,1.099,13,11,15,17,7,15,17,22,5,15,9,9,2.5,12,alexasc02
15,Tyler Alexander*,28,DET,44,25,24,8,2,0,0,0,0,,2,2,14,3,21%,7,0.399,0,6,18,4,1,19,9,15,18,3,20,0,5.1,26,alexaty01
16,Kolby Allard*,25,ATL,12.1,4,1,1,0,0,0,0,0,,0,0,0,0,,8,0.917,0,0,1,0,0,1,0,1,0,0,0,0,3,18,allarko01
17,Yency Almonte,29,LAD,48,49,49,5,3,2,2,0,2,0%,12,10,22,4,18%,7,0.83,13,16,20,26,7,16,12,37,6,8,11,13,2.9,16,almonye01
18,José Alvarado*,28,PHI,27,27,27,7,0,0,8,6,2,75%,14,6,0,0,,8,1.628,11,10,6,19,4,4,1,26,1,1,1,3,3,18,alvarjo03
19,Adbert Alzolay,28,CHC,57.2,51,51,33,1,4,21,20,1,95%,28,7,10,1,10%,9,1.601,21,16,14,34,5,12,8,43,10,6,12,13,3.4,17,alzolad01
20,Chase Anderson,35,TOT,60.2,14,2,2,0,0,1,1,0,100%,1,0,0,0,,,0.953,0,0,2,1,0,1,0,2,2,0,2,0,7.5,36,anderch01
21,Chase Anderson,35,TBR,5,2,2,2,0,0,1,1,0,100%,1,0,0,0,,7,0.232,0,0,2,1,0,1,0,2,2,0,2,0,7.5,36,anderch01
22,Grant Anderson,26,TEX,35,25,25,2,2,1,4,0,4,0%,9,5,25,10,40%,7,1.153,8,11,6,12,3,10,13,12,12,5,14,1,4.2,23,andergr01
23,Nick Anderson,32,ATL,35.1,35,35,3,4,0,3,1,2,33%,18,15,7,1,14%,8,1.34,20,6,9,27,8,0,5,30,2,2,3,5,3,16,anderni01
24,Tyler Anderson*,33,LAA,117.2,23,2,0,0,1,0,0,0,,0,0,3,0,0%,3,0.998,0,2,0,1,0,1,2,0,2,0,2,0,13.5,82,anderty01
25,Clayton Andrews*,26,MIL,1.2,2,2,1,0,1,0,0,0,,0,0,0,0,,11,1.65,1,0,1,1,1,0,1,1,0,1,0,0,2.5,22,andrecl02
26,Shawn Armstrong,32,TBR,38,25,20,4,0,0,0,0,0,,0,0,3,0,0%,5,0.635,1,4,15,6,2,12,2,18,10,3,10,2,4.1,20,armstsh01
27,Javier Assad,25,CHC,72,23,18,9,1,2,1,0,1,0%,2,1,8,1,13%,8,0.551,2,2,14,4,0,14,4,14,16,2,16,1,7.8,40,assadja01
28,Pedro Avila,26,SDP,23,7,6,2,0,0,0,0,0,,0,0,1,0,0%,6,0.489,0,0,6,1,0,5,1,5,5,1,5,0,9.5,50,avilape01
29,Sam Bachman,23,LAA,17,11,11,4,1,2,2,1,1,50%,4,2,2,2,100%,8,1.167,2,3,6,5,1,5,2,9,7,0,7,0,4.6,29,bachmsa01
30,Bryan Baker,28,BAL,42,45,45,2,4,3,3,0,3,0%,14,11,33,17,52%,7,1.199,16,17,12,22,6,17,22,23,7,18,12,6,2.8,17,bakerbr01
31,Jordan Balazovic,24,MIN,24.1,18,18,5,1,0,0,0,0,,2,2,12,4,33%,7,0.578,4,5,9,6,1,11,7,11,6,3,8,1,4.1,22,balazjo02
32,Anthony Banda*,29,WSN,7,10,10,5,0,0,0,0,0,,0,0,2,1,50%,9,0.401,0,2,8,2,0,8,2,8,0,4,0,1,2.1,16,bandaan01
33,Tanner Banks*,31,CHW,43,20,17,7,0,1,1,0,1,0%,2,1,9,1,11%,8,0.807,4,3,10,2,3,12,7,10,12,1,12,0,5.8,30,banksta01
34,Daniel Bard,38,COL,43,44,44,8,4,2,3,1,2,33%,9,6,13,4,31%,8,1.22,12,14,18,14,8,22,7,37,8,11,8,6,2.9,18,bardda01
35,Joe Barlow,27,TEX,9.2,13,13,4,1,1,0,0,0,,0,0,4,3,75%,9,0.785,5,1,7,4,4,5,2,11,0,6,0,3,2.2,11,barlojo01
36,Scott Barlow,30,TOT,50.1,47,47,31,2,5,16,13,3,81%,17,1,3,0,0%,,1.619,20,5,22,22,8,17,3,44,7,4,7,10,3.2,19,barlosc01
37,Scott Barlow,30,KCR,38.2,38,38,31,2,4,16,13,3,81%,16,0,3,0,0%,9,1.942,19,3,16,19,6,13,3,35,3,3,3,8,3.1,19,barlosc01
38,Scott Barlow,30,SDP,11.2,9,9,0,0,1,0,0,0,,1,1,0,0,,7,0.484,1,2,6,3,2,4,0,9,4,1,4,2,3.9,21,barlosc01
39,Jacob Barnes,33,STL,0.2,1,1,0,0,0,0,0,0,,0,0,2,0,0%,7,0.475,0,0,1,0,0,1,1,0,0,1,0,0,2,3,barneja01
40,Matt Barnes,33,MIA,21.1,24,23,3,1,0,1,0,1,0%,4,3,12,7,58%,6,0.984,3,8,12,6,4,13,8,15,2,7,5,6,2.7,16,barnema01
41,Tucker Barnhart,32,CHC,4,4,4,4,0,0,0,0,0,,0,0,0,0,,9,0.001,0,0,4,0,0,4,0,4,0,0,0,0,3,11,barnhtu01
42,Kyle Barraclough,33,BOS,3.1,2,2,1,1,0,0,0,0,,0,0,1,1,100%,8,0.674,0,1,1,1,0,1,1,1,2,0,2,1,5,31,barraky01
43,Jaime Barria,26,LAA,71,28,22,14,1,4,2,0,2,0%,4,2,15,3,20%,8,0.83,5,4,13,5,2,15,10,12,14,1,15,3,6,30,barrija01
44,Anthony Bass,35,TOR,20,22,22,7,0,0,0,0,0,,1,1,8,0,0%,7,0.436,2,3,17,5,0,17,6,16,1,6,3,3,2.7,15,bassan01
45,Peyton Battenfield,25,CLE,34.2,7,1,1,0,0,0,0,0,,0,0,0,0,,7,0.739,0,0,1,0,0,1,0,1,1,0,1,0,6,45,battepe01
46,Mike Baumann,27,BAL,61.1,56,56,13,9,1,3,0,3,0%,9,6,43,18,42%,6,0.912,17,15,24,22,11,23,27,29,15,16,19,12,3.3,18,baumami01
47,Félix Bautista,28,BAL,60.1,55,55,46,8,2,39,33,6,85%,39,0,9,0,0%,9,2.142,35,15,5,44,11,0,7,48,9,2,9,10,3.3,18,bautife01
48,Eduard Bazardo,27,TOT,4.1,5,5,3,0,0,0,0,0,,0,0,0,0,,,0.079,0,0,5,5,0,0,0,5,0,1,0,0,2.6,21,bazared01
49,Eduard Bazardo,27,BAL,2.1,3,3,2,0,0,0,0,0,,0,0,0,0,,9,0.137,0,0,3,3,0,0,0,3,0,1,0,0,2.3,21,bazared01
50,Eduard Bazardo,27,SEA,2,2,2,1,0,0,0,0,0,,0,0,0,0,,9,0.011,0,0,2,2,0,0,0,2,0,0,0,0,3,22,bazared01
51,Matt Beaty,30,SFG,1,1,1,1,0,0,0,0,0,,0,0,0,0,,9,0,0,0,1,1,0,0,0,1,0,0,0,0,3,22,beatyma01
52,Tristan Beck,27,SFG,67.1,28,28,12,3,2,3,2,1,67%,7,4,16,4,25%,6,0.673,5,8,15,9,3,16,12,16,22,2,22,1,7.2,36,becktr01
53,David Bednar,28,PIT,53,51,51,42,3,2,30,27,3,90%,30,0,12,8,67%,9,2.18,34,7,10,35,10,6,7,44,6,3,6,12,3.1,16,bednada01
54,Jalen Beeks*,29,TBR,39.1,28,20,6,2,2,2,1,1,50%,4,2,11,1,9%,7,1.139,5,6,9,11,2,7,6,14,7,5,7,3,3.5,21,beeksja02
55,Andrew Bellatti,31,PHI,18,21,21,3,1,0,0,0,0,,2,2,12,7,58%,6,0.594,4,7,10,4,2,15,8,13,1,7,1,3,2.6,16,bellaan01
56,Brennan Bernardino*,31,BOS,41.1,41,35,7,1,1,0,0,0,,3,3,21,4,19%,6,0.861,5,15,15,12,6,17,13,22,9,14,10,5,2.8,15,bernabr01
57,Prelander Berroa,23,SEA,0.2,1,1,0,0,0,0,0,0,,0,0,1,1,100%,7,0.983,1,0,0,0,0,1,1,0,0,1,1,0,2,24,berropr01
58,Christian Bethancourt,31,TBR,0.1,1,1,1,0,0,0,0,0,,0,0,0,0,,9,0,0,0,1,0,0,1,0,1,0,1,0,0,1,10,bethach01
59,Phil Bickford,27,TOT,53.1,47,47,16,3,4,2,1,1,50%,6,4,27,8,30%,,1.022,9,11,27,21,8,18,16,31,15,10,17,10,3.4,21,bickfph01
60,Phil Bickford,27,LAD,42,36,36,12,2,3,1,0,1,0%,4,3,19,6,32%,7,1.022,7,8,21,16,6,14,11,25,12,8,14,8,3.5,22,bickfph01
61,Phil Bickford,27,NYM,11.1,11,11,4,1,1,1,1,0,100%,2,1,8,2,25%,6,1.023,2,3,6,5,2,4,5,6,3,2,3,2,3.1,20,bickfph01
62,Osvaldo Bido,27,PIT,44.1,13,5,2,2,2,0,0,0,,0,0,1,0,0%,10,1.044,1,3,1,0,4,1,2,3,4,0,4,1,7,40,bidoos01
63,Brandon Bielak,27,HOU,80,15,2,0,0,0,0,0,0,,0,0,4,3,75%,3,0.8,0,1,1,0,1,1,2,0,2,0,2,0,14,97,bielabr01
64,Jake Bird,27,COL,76,57,54,7,2,1,6,0,6,0%,15,9,38,23,61%,6,0.843,13,15,26,28,4,22,20,34,23,9,24,10,3.9,20,birdja01
65,Ty Blach*,32,COL,41,13,7,2,0,0,0,0,0,,0,0,7,2,29%,3,0.806,0,1,6,0,1,6,4,3,5,1,5,0,5.7,33,blachty01
66,Paul Blackburn,29,OAK,78.2,15,1,0,0,0,1,0,1,0%,1,0,0,0,,6,1.036,0,1,0,1,0,0,0,1,0,0,0,0,3,39,blackpa01
67,Ronel Blanco,29,HOU,50,16,9,7,0,0,0,0,0,,0,0,0,0,,9,0.846,0,2,7,1,2,6,0,9,3,0,3,0,4,26,blancro01
68,Richard Bleier*,36,BOS,30.2,27,27,3,1,0,1,0,1,0%,3,2,14,8,57%,7,0.79,6,7,14,7,5,15,9,18,8,4,9,5,3.4,17,bleieri01
69,Cody Bolton,25,PIT,11,8,8,2,0,0,0,0,0,,1,1,1,0,0%,7,0.317,1,1,6,3,0,5,1,7,4,1,5,0,4.1,33,boltoco01
70,Ryan Borucki*,29,PIT,26.1,23,21,0,1,0,0,0,0,,3,3,21,8,38%,6,0.805,7,5,9,6,1,14,12,9,9,6,14,4,3.2,15,borucry01
71,Brad Boxberger,35,CHC,14.2,17,17,4,0,1,2,2,0,100%,3,1,0,0,,8,1.196,4,5,8,9,2,6,0,17,0,4,0,2,2.6,15,boxbebr01
72,Silvino Bracho,30,CIN,7.1,5,5,2,0,0,0,0,0,,0,0,2,2,100%,8,0.449,0,1,4,0,0,5,1,4,3,1,3,0,4.4,25,brachsi01
73,Cody Bradford*,25,TEX,40,12,6,2,1,0,0,0,0,,0,0,5,1,20%,9,0.879,1,1,4,1,1,4,3,3,4,1,4,0,6.7,35,bradfco01
74,Archie Bradley,30,MIA,7.1,4,4,2,0,0,0,0,0,,0,0,1,0,0%,8,0.083,0,0,4,2,0,2,1,3,3,0,4,0,5.5,37,bradlar01
75,Matt Brash,25,SEA,54.1,62,62,7,9,4,9,4,5,44%,27,16,34,11,32%,7,1.657,31,17,14,34,12,16,25,37,7,20,11,16,2.6,16,brashma01
76,Ryan Brasier,35,TOT,47.1,45,45,15,3,0,2,2,0,100%,8,6,13,2,15%,,0.679,5,13,27,23,1,21,8,37,5,4,5,10,3.2,16,brasiry01
77,Ryan Brasier,35,BOS,21,20,20,10,1,0,1,1,0,100%,2,1,6,2,33%,9,0.378,1,5,14,8,0,12,3,17,2,2,2,6,3.2,19,brasiry01
78,Ryan Brasier,35,LAD,26.1,25,25,5,2,0,1,1,0,100%,6,5,7,0,0%,7,0.973,4,8,13,15,1,9,5,20,3,2,3,4,3.2,13,brasiry01
79,Huascar Brazoban,33,MIA,56.2,48,48,7,4,2,3,0,3,0%,16,13,32,12,38%,7,1.2,18,14,16,20,8,20,20,28,19,15,21,9,3.5,20,brazohu01
80,John Brebbia,33,SFG,28.2,29,21,3,2,0,0,0,0,,7,7,11,6,55%,7,0.931,6,9,6,11,4,6,7,14,3,6,5,5,2.8,17,brebbjo01
81,Colten Brewer,30,NYY,8.1,3,3,1,0,0,0,0,0,,0,0,2,0,0%,8,0.443,1,0,2,1,1,1,1,2,3,0,3,0,8.3,35,breweco01
82,Beau Brieske,25,DET,20,15,14,4,0,2,2,2,0,100%,4,2,11,2,18%,7,0.915,6,4,4,6,2,6,5,9,7,1,8,1,3.9,22,briesbe01
83,Jeff Brigham,31,NYM,29.2,32,32,7,0,2,2,0,2,0%,8,6,16,6,38%,7,0.975,8,7,17,12,2,18,9,23,4,9,6,8,2.8,16,brighje01
84,Braden Bristo,28,TOT,7,3,3,3,0,0,1,1,0,100%,1,0,0,0,,,0.216,0,0,3,1,0,2,0,3,3,0,3,0,7,38,bristbr01
85,Braden Bristo,28,TBR,3,1,1,1,0,0,1,1,0,100%,1,0,0,0,,7,0.224,0,0,1,1,0,0,0,1,1,0,1,0,9,42,bristbr01
86,Braden Bristo,28,DET,4,2,2,2,0,0,0,0,0,,0,0,0,0,,8,0.212,0,0,2,0,0,2,0,2,2,0,2,0,6,36,bristbr01
87,Jhony Brito,25,NYY,67,17,4,0,1,0,0,0,0,,1,1,0,0,,3,0.844,0,2,2,2,0,2,0,4,4,0,4,0,10.8,51,britojh01
88,Connor Brogdon,28,PHI,29,27,26,3,2,1,0,0,0,,3,3,15,7,47%,7,0.915,6,11,9,11,1,14,8,18,6,5,8,3,3.3,20,brogdco01
89,Mike Brosseau,29,MIL,2.1,3,3,3,0,0,0,0,0,,0,0,3,3,100%,9,0,0,0,3,0,0,3,1,2,0,1,0,0,2.3,10,brossmi01
90,Hunter Brown,24,HOU,128,24,1,0,1,0,0,0,0,,0,0,0,0,,6,0.948,0,1,0,0,1,0,0,1,1,0,1,0,6,29,brownhu01
91,Justin Bruihl*,26,TOT,28,27,27,13,1,0,0,0,0,,1,1,16,4,25%,,0.583,4,9,14,10,3,14,9,18,5,6,7,6,3.1,16,bruihju01
92,Justin Bruihl*,26,LAD,24.1,20,20,9,1,0,0,0,0,,1,1,9,2,22%,9,0.546,3,7,10,9,2,9,5,15,5,1,7,6,3.7,18,bruihju01
93,Justin Bruihl*,26,COL,3.2,7,7,4,0,0,0,0,0,,0,0,7,2,29%,8,0.782,1,2,4,1,1,5,4,3,0,5,0,0,1.6,11,bruihju01
94,J.B. Bukauskas,26,TOT,3,3,3,0,0,0,1,0,1,0%,1,0,0,0,,,2.411,1,0,2,1,0,2,1,2,0,0,0,1,3,16,bukaujb01
95,J.B. Bukauskas,26,SEA,1,1,1,0,0,0,1,0,1,0%,1,0,0,0,,11,4.516,1,0,0,1,0,0,1,0,0,0,0,0,3,28,bukaujb01
96,J.B. Bukauskas,26,MIL,2,2,2,0,0,0,0,0,0,,0,0,0,0,,9,0.306,0,0,2,0,0,2,0,2,0,0,0,1,3,11,bukaujb01
97,Aaron Bummer*,29,CHW,47.2,50,50,7,4,2,3,0,3,0%,14,11,39,14,36%,7,1.368,21,11,18,20,10,20,24,26,13,21,16,9,2.9,17,bummeaa01
98,Nick Burdi,30,CHC,3,3,3,2,0,0,0,0,0,,0,0,0,0,,9,0.038,0,0,3,1,0,2,0,3,0,0,0,1,3,19,burdini01
99,Zack Burdi,28,TBR,4,3,3,1,0,0,0,0,0,,0,0,0,0,,9,0.279,0,0,3,1,0,2,0,3,1,0,1,1,4,25,burdiza01
100,Brock Burke*,26,TEX,50.1,41,41,6,4,2,0,0,0,,10,10,29,5,17%,6,0.952,11,15,15,20,6,15,18,23,18,8,24,1,3.7,18,burkebr01
101,Alec Burleson*,24,STL,1.2,2,2,2,0,0,0,0,0,,0,0,1,1,100%,9,0,0,0,2,0,0,2,1,1,0,1,0,0,2.5,23,burleal01
102,Alan Busenitz,32,CIN,5,5,5,4,0,0,0,0,0,,0,0,3,2,67%,9,0.622,1,0,4,1,1,3,2,3,1,2,1,0,3,17,busenal01
103,Matt Bush,37,MIL,10.1,12,12,4,0,2,4,1,3,25%,5,1,3,0,0%,8,1.541,7,0,5,9,2,1,1,11,0,4,0,3,2.6,16,bushma01
104,José Butto,25,NYM,14.2,4,2,0,0,1,0,0,0,,0,0,1,0,0%,6,1.074,0,1,1,0,1,1,1,1,2,0,2,0,7.5,53,buttojo01
105,Génesis Cabrera*,26,TOT,46.1,47,47,11,2,1,2,0,2,0%,9,7,32,7,22%,,0.869,12,8,27,17,6,24,18,29,12,17,18,6,3,16,cabrege01
106,Génesis Cabrera*,26,STL,32,32,32,10,1,1,2,0,2,0%,7,5,23,6,26%,8,0.806,7,4,21,13,2,17,13,19,10,13,15,3,3,18,cabrege01
107,Génesis Cabrera*,26,TOR,14.1,15,15,1,1,0,0,0,0,,2,2,9,1,11%,6,1.043,5,4,6,4,4,7,5,10,2,4,3,3,2.9,13,cabrege01
108,Blair Calvo,27,COL,1,1,1,1,0,0,0,0,0,,0,0,0,0,,8,0.02,0,0,1,0,0,1,0,1,0,0,0,0,3,11,calvobl01
109,Isaiah Campbell,25,SEA,15.1,14,14,4,3,0,0,0,0,,1,1,6,2,33%,6,0.547,0,3,11,5,1,8,4,10,4,1,4,1,3.3,21,campbis01
110,Griffin Canning,27,LAA,91.2,18,2,0,1,0,0,0,0,,0,0,5,1,20%,4,0.85,1,1,0,1,0,1,2,0,2,0,2,0,10.5,61,cannigr01
111,Yennier Cano,29,BAL,61,57,57,11,1,2,9,4,5,44%,37,28,29,8,28%,8,1.836,36,12,9,45,10,2,17,40,14,10,18,14,3.2,15,canoye01
112,Matt Carasiti,31,COL,21.2,14,14,2,1,0,2,1,1,50%,4,2,11,7,64%,5,0.755,4,2,8,5,0,9,8,6,9,2,10,2,4.6,27,carasma01
113,Drew Carlton,27,SDP,20.2,11,11,1,2,1,2,0,2,0%,2,0,5,2,40%,3,0.707,2,2,7,4,1,6,5,6,7,2,7,0,5.6,30,carltdr01
114,Daniel Castano*,28,MIA,1,1,1,1,0,0,0,0,0,,0,0,0,0,,8,0.073,0,0,1,0,0,1,0,1,0,0,0,0,3,22,castada01
115,Diego Castillo,29,SEA,8.2,8,8,1,0,0,0,0,0,,1,1,0,0,,7,0.697,1,4,3,2,0,6,0,8,1,1,1,0,3.3,20,castidi01
116,José Castillo*,27,SDP,0.1,1,1,0,0,0,0,0,0,,0,0,0,0,,9,0.16,0,0,1,1,0,0,0,1,0,1,0,0,1,23,castijo03
117,Max Castillo,24,KCR,20.1,7,7,2,0,1,0,0,0,,0,0,2,0,0%,7,0.741,0,5,2,2,1,4,1,6,7,0,7,0,8.7,49,castima03
118,Harold Castro,29,COL,2,2,2,2,0,0,0,0,0,,0,0,0,0,,9,0.001,0,0,2,0,0,2,0,2,0,0,0,0,3,15,castrha01
119,Miguel Castro,28,ARI,52,60,60,19,6,6,11,7,4,64%,24,12,22,6,27%,8,1.608,29,18,13,33,12,15,15,45,3,19,4,16,2.6,13,castrmi01
120,Willi Castro,26,MIN,1.1,2,2,2,0,0,0,0,0,,0,0,1,0,0%,9,0,0,0,2,0,0,2,1,1,0,1,0,0,2,7,castrwi01
121,Slade Cecconi,24,ARI,15.1,4,2,0,0,0,0,0,0,,0,0,0,0,,4,0.983,0,1,1,0,1,1,0,2,2,0,2,0,10,47,ceccosl01
122,Luis Cessa,31,CIN,26,7,1,0,0,0,0,0,0,,0,0,0,0,,8,0.849,0,0,1,0,0,1,0,1,0,0,0,0,3,17,cessalu01
123,Andrew Chafin*,33,TOT,39.2,50,50,16,2,4,12,8,4,67%,24,12,17,8,47%,,1.668,21,13,16,35,6,9,14,36,1,21,4,13,2.4,15,chafian01
124,Andrew Chafin*,33,ARI,34.1,43,43,14,2,3,12,8,4,67%,24,12,17,8,47%,9,1.797,20,12,11,31,5,7,13,30,1,19,4,12,2.4,14,chafian01
125,Andrew Chafin*,33,MIL,5.1,7,7,2,0,1,0,0,0,,0,0,0,0,,9,0.921,1,1,5,4,1,2,1,6,0,2,0,1,2.3,16,chafian01
126,Aroldis Chapman*,35,TOT,47.1,48,48,11,5,2,7,3,4,43%,20,13,0,0,,,1.82,29,9,10,24,16,8,1,47,1,3,1,9,3,17,chapmar01
127,Aroldis Chapman*,35,KCR,29.1,31,31,9,4,2,4,2,2,50%,12,8,0,0,,8,1.884,20,5,6,12,12,7,1,30,0,3,0,5,2.8,17,chapmar01
128,Aroldis Chapman*,35,TEX,18,17,17,2,1,0,3,1,2,33%,8,5,0,0,,8,1.712,9,4,4,12,4,1,0,17,1,0,1,4,3.2,17,chapmar01
129,JT Chargois,32,MIA,29.1,31,31,6,1,0,4,1,3,25%,8,4,17,5,29%,7,1.135,10,9,12,14,6,11,11,20,4,9,5,6,2.8,16,chargjt01
130,Jesse Chavez,39,ATL,29,31,30,6,0,0,3,1,2,33%,17,13,13,6,46%,6,1.443,10,12,8,20,2,8,10,20,3,9,3,5,2.7,15,chaveje01
131,Yonny Chirinos,29,TOT,85,20,11,1,3,2,0,0,0,,1,1,5,0,0%,,0.824,0,6,5,5,2,4,3,8,10,0,10,0,11.4,56,chiriyo01
132,Yonny Chirinos,29,TBR,62.2,15,11,1,3,2,0,0,0,,1,1,5,0,0%,3,0.712,0,6,5,5,2,4,3,8,10,0,10,0,11.4,56,chiriyo01
133,Adam Cimber,32,TOR,20.2,22,22,6,0,2,2,1,1,50%,3,1,11,5,45%,7,0.776,4,6,12,8,3,11,7,15,4,6,4,5,2.8,17,cimbead01
134,José Cisnero,34,DET,46.2,52,52,15,2,4,4,2,2,50%,18,13,28,13,46%,6,1.349,17,15,20,24,8,20,22,30,8,18,10,9,2.7,15,cisnejo01
135,Taylor Clarke,30,KCR,48.2,47,46,7,2,4,2,0,2,0%,13,11,11,2,18%,8,1.124,15,11,20,19,9,18,7,39,5,6,5,6,3,19,clarkta01
136,Emmanuel Clase,25,CLE,56.1,58,58,50,1,7,42,33,9,79%,42,0,1,0,0%,9,2.232,32,14,12,51,4,3,6,52,1,4,1,13,2.9,15,claseem01
137,Alex Claudio*,31,MIL,0.1,1,1,0,0,0,0,0,0,,0,0,0,0,,8,0.527,0,0,1,0,0,1,0,1,0,1,0,0,1,4,claudal01
138,Garrett Cleavinger*,29,TBR,12,15,15,3,1,0,2,0,2,0%,2,0,8,5,63%,8,1.347,5,3,7,10,4,1,6,9,0,6,0,3,2.4,14,cleavga01
139,Kody Clemens,27,PHI,2.2,4,4,4,0,0,0,0,0,,0,0,4,2,50%,9,0,0,0,4,0,0,4,2,2,0,3,0,1,2,10,clemeko01
140,Ernie Clement,27,TOR,1,1,1,1,0,0,0,0,0,,0,0,0,0,,8,0,0,0,1,0,0,1,0,1,0,0,0,0,3,20,clemeer01
141,Dylan Coleman,26,KCR,18.1,23,22,8,0,2,1,0,1,0%,6,5,8,2,25%,8,1.153,6,4,12,8,2,12,7,15,1,10,1,5,2.4,16,colemdy01
142,Alex Colomé,34,CHW,3,4,4,2,0,1,1,0,1,0%,1,0,0,0,,8,1.178,2,0,2,2,1,1,1,3,0,2,0,1,2.3,16,colomal01
143,Roansy Contreras,23,PIT,68.1,19,8,1,0,2,1,1,0,100%,1,0,4,2,50%,6,0.87,0,2,6,3,0,5,2,6,6,0,6,0,5.3,29,contrro01
144,Sam Coonrod,30,NYM,3.1,4,4,0,0,0,0,0,0,,0,0,1,0,0%,7,0.699,0,1,3,3,0,1,1,3,0,1,0,1,2.5,14,coonrsa01
145,Jimmy Cordero,31,NYY,32.2,31,30,6,3,2,1,0,1,0%,9,8,18,5,28%,7,1.087,14,7,9,11,7,12,13,17,7,10,10,4,3.1,16,cordeji01
146,Tom Cosgrove*,27,SDP,37.1,38,38,13,1,2,0,0,0,,3,3,17,9,53%,8,0.663,7,8,23,15,3,20,12,26,8,10,9,4,2.9,16,cosgrto01
147,Danny Coulombe*,33,BAL,39,47,47,7,3,1,3,1,2,33%,23,20,38,9,24%,8,1.481,24,15,8,29,10,8,24,23,4,22,11,7,2.5,14,couloda01
148,Jake Cousins,28,MIL,9.1,9,9,4,0,0,0,0,0,,0,0,2,0,0%,8,0.364,0,1,8,2,0,7,1,8,3,2,3,0,3.1,22,cousija01
149,Dylan Covey,31,TOT,31,19,18,11,1,2,2,0,2,0%,2,0,3,0,0%,,0.741,1,4,13,5,2,11,2,16,9,1,10,0,5.1,29,coveydy01
150,Dylan Covey,31,LAD,4,1,1,0,0,0,0,0,0,,0,0,0,0,,2,1.114,0,1,0,0,1,0,0,1,1,0,1,0,12,63,coveydy01
151,Dylan Covey,31,PHI,27,18,17,11,1,2,2,0,2,0%,2,0,3,0,0%,8,0.687,1,3,13,5,1,11,2,15,8,1,9,0,4.6,27,coveydy01
152,Austin Cox*,26,KCR,31.1,19,16,3,0,0,1,1,0,100%,4,3,3,0,0%,8,1.044,6,3,7,4,2,10,3,13,6,3,6,1,3.9,20,coxau01
153,Brandon Crawford,36,SFG,1,1,1,1,0,0,0,0,0,,0,0,0,0,,9,0.002,0,0,1,1,0,0,0,1,0,0,0,0,3,20,crawfbr01
154,Kutter Crawford,27,BOS,96,24,8,5,0,1,0,0,0,,2,2,2,0,0%,6,0.923,2,4,2,3,1,4,1,7,7,1,7,0,8.1,40,crawfku01
155,Nabil Crismatt,28,SDP,11,7,7,3,0,1,0,0,0,,0,0,3,3,100%,9,0.647,2,0,5,3,1,3,2,5,4,1,4,0,4.7,33,crismna01
156,Cooper Criswell,26,TBR,30,9,9,4,1,1,0,0,0,,0,0,5,2,40%,3,0.701,1,5,3,4,0,5,3,6,9,0,9,0,10,55,criswco01
157,Garrett Crochet*,24,CHW,10,10,10,5,0,1,0,0,0,,0,0,4,3,75%,9,0.518,1,1,8,1,1,8,3,7,3,4,3,0,3,24,crochga01
158,Declan Cronin,25,CHW,7,5,5,1,0,0,0,0,0,,0,0,0,0,,7,0.255,0,1,4,0,0,5,0,5,2,0,2,0,4.2,25,cronide01
159,Wil Crowe,28,PIT,9.2,5,5,2,0,1,2,1,1,50%,2,0,1,0,0%,7,0.897,1,0,4,3,0,2,2,3,4,1,4,1,5.8,36,crowewi01
160,Fernando Cruz,33,CIN,52.1,46,46,14,1,1,0,0,0,,5,4,25,6,24%,7,0.785,9,14,23,18,4,24,16,30,14,5,15,8,3.4,19,cruzfe01
161,Jose Cuas,29,TOT,50.1,54,53,7,3,0,2,0,2,0%,8,6,38,20,53%,,0.957,13,13,27,14,5,34,19,34,7,13,7,8,2.8,17,cuasjo01
162,Jose Cuas,29,KCR,41.2,45,44,5,3,0,2,0,2,0%,6,4,36,20,56%,6,0.987,10,11,23,11,4,29,18,26,6,12,6,7,2.8,16,cuasjo01
163,Jose Cuas,29,CHC,8.2,9,9,2,0,0,0,0,0,,2,2,2,0,0%,8,0.812,3,2,4,3,1,5,1,8,1,1,1,1,2.9,19,cuasjo01
164,Johnny Cueto,37,MIA,32.1,7,1,0,0,0,0,0,0,,0,0,0,0,,5,0.781,0,0,1,0,0,1,0,1,1,0,1,0,9,50,cuetojo01
165,Xzavion Curry,24,CLE,77,32,25,15,3,0,0,0,0,,0,0,8,1,13%,7,0.613,2,3,20,3,1,21,6,19,16,0,16,3,6,31,curryxz01
166,John Curtiss,30,NYM,19.2,15,15,4,0,0,1,0,1,0%,3,2,5,1,20%,7,0.828,2,6,7,6,2,7,3,12,5,1,5,1,3.9,20,curtijo02
167,Tyler Cyr,30,LAD,1.2,2,2,2,0,0,0,0,0,,0,0,0,0,,9,0.112,0,0,2,1,0,1,0,2,0,1,0,1,2.5,13,cyrty01
168,Hagen Danner,24,TOR,0.1,1,1,0,0,0,0,0,0,,0,0,0,0,,9,0.06,0,0,1,0,0,1,0,1,0,1,0,0,1,2,danneha01
169,Tucker Davidson*,27,TOT,39,25,24,10,1,2,2,2,0,100%,2,0,13,2,15%,,0.668,3,5,16,8,3,13,7,17,13,4,13,1,4.8,26,davidtu01
170,Tucker Davidson*,27,LAA,31.2,18,18,8,1,1,2,2,0,100%,2,0,8,2,25%,8,0.465,1,4,13,5,2,11,4,14,11,3,11,0,5.3,31,davidtu01
171,Tucker Davidson*,27,KCR,7.1,7,6,2,0,1,0,0,0,,0,0,5,0,0%,8,1.578,2,1,3,3,1,2,3,3,2,1,2,1,3.2,14,davidtu01
172,Noah Davis,26,COL,18.2,5,1,0,0,0,0,0,0,,0,0,0,0,,4,0.86,0,0,1,0,0,1,0,1,1,0,1,0,9,73,davisno01
173,Chase De Jong,29,PIT,11.1,6,6,2,0,0,0,0,0,,0,0,4,0,0%,8,0.295,0,2,4,0,0,6,2,4,5,0,5,0,5.7,38,dejonch01
174,José De León,30,MIN,17.1,12,12,4,0,1,0,0,0,,0,0,2,0,0%,7,0.482,0,5,7,3,1,8,3,9,7,1,7,0,3.8,24,deleojo03
175,Enyel De Los Santos,27,CLE,52.1,56,56,6,5,2,1,0,1,0%,15,13,28,6,21%,7,1.12,22,13,21,24,10,22,17,39,6,12,6,8,2.8,15,delosen01
176,Yerry De Los Santos,25,PIT,24.1,22,22,8,1,1,0,0,0,,3,3,16,3,19%,8,0.769,4,9,9,6,1,15,10,12,7,5,9,4,3.3,18,delosye01
177,Anthony DeSclafani,33,SFG,99.2,19,1,0,0,0,0,0,0,,0,0,2,2,100%,1,0.898,1,0,0,0,1,0,1,0,1,0,1,0,13,78,desclan01
178,Chris Devenski,32,LAA,33.2,29,29,4,3,2,3,0,3,0%,13,10,27,8,30%,7,1.338,15,7,7,15,5,9,13,16,9,3,10,3,3.5,19,devench02
179,Alexis Díaz,26,CIN,55.2,57,57,44,5,4,35,34,1,97%,36,1,19,5,26%,9,2.419,42,10,5,39,15,3,14,43,6,8,7,14,2.9,16,diazal03
180,Jake Diekman*,36,TOT,43.1,49,49,19,0,1,2,0,2,0%,9,7,22,3,14%,,0.683,5,16,28,17,4,28,15,34,8,19,10,8,2.7,16,diekmja01
181,Jake Diekman*,36,CHW,11.1,13,13,5,0,1,1,0,1,0%,3,2,8,3,38%,7,0.525,1,4,8,3,1,9,4,9,2,6,3,1,2.6,18,diekmja01
182,Jake Diekman*,36,TBR,32,36,36,14,0,0,1,0,1,0%,6,5,14,0,0%,8,0.75,4,12,20,14,3,19,11,25,6,13,7,7,2.7,15,diekmja01
183,Brandon Dixon,31,SDP,1,1,1,1,0,0,0,0,0,,0,0,0,0,,9,0,0,0,1,0,0,1,0,1,0,0,0,0,3,7,dixonbr01
184,Seranthony Domínguez,28,PHI,36,43,43,5,3,3,7,2,5,29%,19,12,9,3,33%,8,1.531,19,13,11,22,9,12,7,36,0,14,0,8,2.5,15,dominse01
185,Josh Donaldson,37,NYY,1,1,1,1,0,0,0,0,0,,0,0,0,0,,8,0,0,0,1,0,0,1,0,1,0,0,0,0,3,11,donaljo02
186,Camilo Doval,25,SFG,55.1,56,56,50,5,4,40,33,7,83%,40,0,22,7,32%,9,2.311,40,8,8,45,8,3,16,40,7,8,7,17,3,17,dovalca01
187,Tommy Doyle,27,COL,15.1,9,9,1,0,1,1,0,1,0%,1,0,5,3,60%,7,0.654,3,2,4,1,3,5,3,6,7,0,7,0,5.1,22,doyleto01
188,Daniel Duarte,26,CIN,18.2,20,20,7,1,0,1,1,0,100%,3,2,5,0,0%,9,0.975,5,5,10,8,3,9,6,14,4,8,6,5,2.8,16,duartda01
189,Shawn Dubin,27,HOU,9,3,2,1,0,0,0,0,0,,0,0,0,0,,7,0.477,0,0,2,0,0,2,0,2,2,0,2,0,7.5,52,dubinsh01
190,Matt Duffy,32,KCR,1,1,1,1,0,0,0,0,0,,0,0,0,0,,9,0,0,0,1,0,0,1,0,1,0,0,0,0,3,11,duffyma01
191,Dane Dunning,28,TEX,132.2,27,8,2,2,0,0,0,0,,2,2,5,2,40%,8,0.875,2,2,4,6,0,2,3,5,7,1,7,0,7.6,38,dunnida01
192,Jhoan Duran,25,MIN,50.1,47,47,35,2,6,27,23,4,85%,28,1,5,0,0%,9,2.351,30,9,8,34,12,1,6,41,8,6,8,9,3.2,18,duranjh01
193,Nate Eaton,26,KCR,1,1,1,1,0,0,0,0,0,,0,0,0,0,,8,0,0,0,1,0,0,1,0,1,0,0,0,0,3,22,eatonna01
194,Carl Edwards Jr.,31,WSN,31.2,32,32,3,1,3,4,2,2,50%,17,13,15,6,40%,7,1.543,17,12,3,23,4,5,12,20,4,5,7,6,3,18,edwarca01
195,Mason Englert,23,DET,56,31,30,7,4,3,3,0,3,0%,6,2,17,8,47%,6,0.846,6,8,16,9,5,16,12,18,22,4,23,2,5.3,31,englema01
196,Lucas Erceg,28,OAK,38.1,36,36,3,3,3,2,0,2,0%,9,7,23,3,13%,6,1.281,16,14,6,12,9,15,14,22,12,13,16,4,3.2,21,erceglu01
197,Eduardo Escobar,34,LAA,2,2,2,2,0,0,0,0,0,,0,0,0,0,,9,0,0,0,2,0,0,2,0,2,0,0,0,0,3,15,escobed01
198,Paolo Espino,36,WSN,4,3,3,1,0,0,0,0,0,,0,0,0,0,,9,0.11,0,0,3,1,0,2,0,3,1,2,1,0,4,34,espinpa01
199,Carlos Estévez,30,LAA,51,51,51,40,5,4,28,26,2,93%,31,2,5,2,40%,9,2.163,30,12,9,38,11,2,6,45,4,4,4,9,3,18,estevca01
200,Jeremiah Estrada,24,CHC,10.2,12,12,5,0,0,0,0,0,,1,1,13,5,38%,8,0.477,3,0,9,2,1,9,8,4,4,4,5,2,2.7,20,estraje01
201,Pete Fairbanks,29,TBR,31.2,35,35,28,2,4,17,16,1,94%,19,2,7,1,14%,9,2.01,20,7,8,27,8,0,5,30,0,8,0,6,2.7,14,fairbpe01
202,Bailey Falter*,26,TOT,59.2,12,2,1,1,1,0,0,0,,0,0,3,0,0%,,0.831,1,0,1,1,1,0,1,1,2,0,2,0,15.5,74,falteba01
203,Bailey Falter*,26,PHI,40.1,8,1,0,0,1,0,0,0,,0,0,3,0,0%,1,0.86,1,0,0,0,1,0,1,0,1,0,1,0,13,67,falteba01
204,Bailey Falter*,26,PIT,19.1,4,1,1,1,0,0,0,0,,0,0,0,0,,4,0.77,0,0,1,1,0,0,0,1,1,0,1,0,18,81,falteba01
205,Jeurys Familia,33,OAK,12.2,14,14,3,0,1,4,2,2,50%,5,1,5,2,40%,8,1.79,6,1,7,5,2,7,4,10,2,4,2,0,2.7,18,familje01
206,Jake Faria,29,BOS,2,1,1,1,0,0,0,0,0,,0,0,0,0,,8,0.046,0,0,1,1,0,0,0,1,1,0,1,0,6,65,fariaja01
207,Buck Farmer,32,CIN,61,58,58,8,4,5,7,2,5,29%,17,10,28,7,25%,7,1.31,26,17,15,31,12,15,22,36,16,14,20,7,3.2,17,farmebu01
208,Calvin Faucher,27,TBR,25.2,17,13,3,1,0,0,0,0,,1,1,1,0,0%,8,0.663,1,3,9,7,1,5,1,12,6,1,6,1,4.1,26,fauchca01
209,Angel Felipe,25,OAK,15,14,14,5,1,1,1,0,1,0%,6,4,1,0,0%,8,1.142,4,3,7,7,1,6,1,13,4,3,4,3,3.2,19,felipan01
210,Caleb Ferguson*,26,LAD,48,54,51,6,7,2,6,2,4,33%,21,15,23,8,35%,8,1.69,26,16,9,28,12,11,16,35,2,15,5,11,2.6,16,ferguca01
211,Jose Ferrer*,23,WSN,21,23,23,2,3,0,1,0,1,0%,6,5,16,7,44%,7,0.888,5,12,6,8,4,11,10,13,4,8,5,6,2.7,15,ferrejo01
212,Matt Festa,30,SEA,9,8,8,4,0,0,0,0,0,,1,1,3,0,0%,8,0.448,1,1,6,1,0,7,2,6,3,1,3,1,3.4,24,festama01
213,Kyle Finnegan,31,WSN,56.2,55,55,37,6,3,30,23,7,77%,38,8,22,4,18%,9,1.936,32,11,12,46,5,4,14,41,9,7,10,11,3.1,16,finneky01
214,Josh Fleming*,27,TBR,51.2,12,9,2,2,0,0,0,0,,0,0,4,0,0%,3,0.893,1,5,3,3,3,3,3,6,9,0,9,0,12.6,59,flemijo01
215,Chris Flexen,28,TOT,67.2,22,13,9,0,0,0,0,0,,0,0,0,0,,,0.609,0,0,13,4,0,9,0,13,9,0,9,0,5.7,31,flexech01
216,Chris Flexen,28,SEA,42,17,13,9,0,0,0,0,0,,0,0,0,0,,8,0.465,0,0,13,4,0,9,0,13,9,0,9,0,5.7,31,flexech01
217,Dylan Floro,32,TOT,48,52,52,13,4,6,10,7,3,70%,19,9,13,4,31%,,1.507,27,13,12,26,11,15,11,41,5,11,6,13,2.8,16,florody01
218,Dylan Floro,32,MIA,39.2,43,43,13,3,5,9,7,2,78%,18,9,9,2,22%,8,1.584,24,8,11,24,11,8,8,35,5,10,5,12,2.8,15,florody01
219,Dylan Floro,32,MIN,8.1,9,9,0,1,1,1,0,1,0%,1,0,4,2,50%,6,1.188,3,5,1,2,0,7,3,6,0,1,1,1,2.8,18,florody01
220,Jason Foley,27,DET,55.1,55,55,16,2,3,9,7,2,78%,29,20,28,7,25%,8,1.647,29,11,15,39,8,8,18,37,10,9,13,12,3,15,foleyja01
221,Mike Ford,30,SEA,2,2,2,2,0,0,0,0,0,,0,0,0,0,,9,0,0,0,2,0,0,2,0,2,0,0,0,0,3,21,fordmi01
222,J.P. France,28,HOU,110.1,19,1,0,1,0,0,0,0,,0,0,3,0,0%,4,0.953,1,0,0,0,1,0,1,0,1,0,1,0,10,70,francjp01
223,Bowden Francis,27,TOR,27,14,14,6,1,0,1,1,0,100%,2,1,8,1,13%,8,0.429,1,2,11,6,0,8,6,8,9,1,9,1,5.8,27,francbo01
224,Luis Frías,25,ARI,17.1,16,16,2,0,0,1,0,1,0%,1,0,10,1,10%,6,0.689,3,3,10,3,2,11,6,10,7,5,10,1,3.3,20,friaslu01
225,David Fry,27,CLE,1,1,1,1,0,0,0,0,0,,0,0,0,0,,8,0,0,0,1,0,0,1,0,1,0,0,0,0,3,8,fryda01
226,Shintaro Fujinami,29,TOT,64.1,49,42,13,5,2,4,1,3,25%,8,4,22,9,41%,,1.023,14,10,18,14,10,18,14,28,13,11,15,8,3.3,19,fujinsh01
227,Shintaro Fujinami,29,OAK,49.1,34,27,9,5,2,1,0,1,0%,4,3,19,7,37%,8,0.987,8,7,12,6,7,14,11,16,11,6,13,5,3.5,20,fujinsh01
228,Shintaro Fujinami,29,BAL,15,15,15,4,0,0,3,1,2,33%,4,1,3,2,67%,7,1.159,6,3,6,8,3,4,3,12,2,5,2,3,3,16,fujinsh01
229,Michael Fulmer,30,CHC,56.1,57,56,13,3,5,4,1,3,25%,15,11,31,6,19%,8,1.191,18,16,22,30,7,19,15,41,9,15,11,13,2.9,16,fulmemi01
230,Hunter Gaddis,25,CLE,36,9,3,3,0,0,0,0,0,,0,0,2,1,50%,8,0.954,0,0,3,0,0,3,1,2,2,0,2,0,7.7,32,gaddihu01
231,Matt Gage*,30,HOU,6.2,5,5,2,0,0,0,0,0,,0,0,10,1,10%,5,0.499,1,2,2,1,0,4,4,1,3,2,4,0,4,24,gagema01
232,Giovanny Gallegos,31,STL,48.1,47,47,15,2,4,15,9,6,60%,31,16,26,11,42%,8,1.634,29,11,7,35,7,5,15,32,11,10,13,7,3.1,16,gallegi01
233,Deivi García,24,NYY,5.2,2,2,1,0,0,1,1,0,100%,1,0,1,1,100%,7,0.007,0,0,2,1,0,1,1,1,2,0,2,0,8.5,59,garcide01
234,Luis García,36,SDP,45.2,47,47,20,1,3,2,0,2,0%,11,9,14,4,29%,9,0.885,12,6,29,19,5,23,10,37,7,12,7,9,2.9,16,garcilu03
235,Rico Garcia,29,TOT,11.2,10,10,1,0,0,0,0,0,,1,1,5,4,80%,,0.264,1,0,9,4,0,6,4,6,3,2,4,1,3.5,27,garciri01
236,Rico Garcia,29,OAK,8.2,7,7,1,0,0,0,0,0,,1,1,4,3,75%,6,0.313,1,0,6,3,0,4,3,4,3,2,3,1,3.7,26,garciri01
237,Rico Garcia,29,WSN,3,3,3,0,0,0,0,0,0,,0,0,1,1,100%,7,0.13,0,0,3,1,0,2,1,2,0,0,1,0,3,28,garciri01
238,Robert Garcia*,27,TOT,11.2,9,9,1,0,0,0,0,0,,3,3,3,2,67%,,0.678,2,2,5,5,0,4,2,7,5,3,5,1,3.9,21,garciro04
239,Robert Garcia*,27,MIA,0.1,1,1,0,0,0,0,0,0,,0,0,0,0,,7,0.52,0,0,1,0,0,1,0,1,0,1,0,0,1,15,garciro04
240,Robert Garcia*,27,WSN,11.1,8,8,1,0,0,0,0,0,,3,3,3,2,67%,5,0.689,2,2,4,5,0,3,2,6,5,2,5,1,4.3,22,garciro04
241,Yimi García,32,TOR,52.2,58,58,16,3,4,6,3,3,50%,19,13,22,2,9%,8,1.382,29,10,19,29,16,13,17,41,5,15,10,12,2.7,15,garciyi01
242,Amir Garrett*,31,KCR,24.1,27,27,3,0,1,0,0,0,,0,0,10,2,20%,7,0.547,2,6,19,5,2,20,6,21,1,6,3,3,2.7,18,garream01
243,Braxton Garrett*,25,MIA,128,25,1,1,0,0,0,0,0,,0,0,0,0,,7,0.955,0,0,1,0,0,1,0,1,1,0,1,0,9,46,garrebr01
244,Reed Garrett,30,TOT,12.1,8,8,2,0,0,0,0,0,,0,0,10,4,40%,,0.191,0,1,7,0,0,8,7,1,5,1,7,0,4.6,28,garrere01
245,Reed Garrett,30,BAL,2.2,2,2,1,0,0,0,0,0,,0,0,2,2,100%,9,0.143,0,0,2,0,0,2,1,1,1,0,1,0,4,26,garrere01
246,Reed Garrett,30,NYM,9.2,6,6,1,0,0,0,0,0,,0,0,8,2,25%,7,0.209,0,1,5,0,0,6,6,0,4,1,6,0,4.8,29,garrere01
247,Justin Garza,29,BOS,18.1,17,16,8,0,1,0,0,0,,0,0,11,2,18%,9,0.609,2,5,9,5,1,10,6,10,6,5,6,3,3.3,20,garzaju01
248,Domingo Germán,30,NYY,108.2,20,1,1,0,0,0,0,0,,0,0,0,0,,5,0.786,0,0,1,0,0,1,0,1,1,0,1,0,15,72,germado01
249,Ian Gibaut,29,CIN,60,58,58,11,8,2,5,1,4,20%,25,19,28,10,36%,7,1.505,32,14,12,30,11,17,21,37,13,11,15,13,3.1,16,gibauia01
250,Tyler Gilbert*,29,ARI,17.1,11,11,1,0,2,1,0,1,0%,1,0,4,1,25%,5,0.817,2,3,6,2,3,6,4,7,6,1,7,1,4.7,24,gilbety01
251,Logan Gillaspie,26,BAL,9,11,11,3,0,1,2,0,2,0%,4,2,7,2,29%,8,0.815,3,1,7,6,0,5,6,5,3,7,3,1,2.5,17,gillalo01
252,Kevin Ginkel,29,ARI,52.2,47,47,17,7,0,4,3,1,75%,9,5,20,8,40%,9,0.9,11,12,24,21,6,20,13,34,13,7,15,8,3.4,18,ginkeke01
253,Mychal Givens,33,BAL,4,6,6,0,0,1,1,0,1,0%,3,1,0,0,,8,1.58,2,1,3,4,0,2,0,6,0,3,0,1,2,15,givenmy01
254,Chi Chi González,31,MIA,2.2,2,2,2,0,0,0,0,0,,0,0,1,0,0%,8,0.229,0,0,2,0,0,2,1,1,1,1,1,0,4,25,gonzach01
255,Victor González*,27,LAD,27.1,28,27,5,2,3,0,0,0,,3,3,8,3,38%,7,0.778,4,8,15,11,5,11,4,23,7,7,8,5,3,15,gonzavi02
256,Trevor Gott,30,TOT,45.1,50,50,9,0,3,5,1,4,20%,13,8,16,10,63%,,1.088,13,14,23,22,6,22,15,35,6,11,7,9,2.7,15,gotttr01
257,Trevor Gott,30,SEA,29,30,30,4,0,3,3,0,3,0%,10,7,10,5,50%,7,1.235,10,9,11,15,5,10,11,19,6,6,7,6,2.9,16,gotttr01
258,Trevor Gott,30,NYM,16.1,20,20,5,0,0,2,1,1,50%,3,1,6,5,83%,7,0.838,3,5,12,7,1,12,4,16,0,5,0,3,2.5,14,gotttr01
259,Brusdar Graterol,24,LAD,54,55,54,15,4,2,7,6,1,86%,23,16,18,5,28%,7,1.427,24,15,15,35,9,10,16,38,6,10,7,12,2.9,14,gratebr01
260,Kendall Graveman,32,TOT,56.1,56,56,25,3,6,12,8,4,67%,23,10,4,0,0%,,1.644,29,9,18,33,11,12,5,51,4,4,4,13,3,17,graveke01
261,Kendall Graveman,32,CHW,44,45,45,22,3,4,12,8,4,67%,21,8,1,0,0%,9,1.847,27,5,13,29,10,6,2,43,1,4,1,12,2.9,16,graveke01
262,Kendall Graveman,32,HOU,12.1,11,11,3,0,2,0,0,0,,2,2,3,0,0%,7,0.889,2,4,5,4,1,6,3,8,3,0,3,1,3.4,18,graveke01
263,Zack Greinke,39,KCR,114.2,23,1,0,0,0,0,0,0,,0,0,0,0,,4,0.933,0,0,1,0,0,1,0,1,1,0,1,0,12,53,greinza01
264,Michael Grove,26,LAD,64,15,3,0,1,0,0,0,0,,1,1,1,0,0%,7,0.891,1,2,0,3,0,0,1,2,3,0,3,0,12,61,grovemi01
265,Javy Guerra,27,TOT,19.1,17,15,11,0,0,0,0,0,,0,0,5,5,100%,,0.441,2,1,12,4,0,11,3,12,5,3,5,1,3.5,22,guerrja02
266,Javy Guerra,27,MIL,8.1,8,8,6,0,0,0,0,0,,0,0,3,3,100%,8,0.236,1,0,7,2,0,6,2,6,2,2,2,0,3.1,20,guerrja02
267,Javy Guerra,27,TBR,11,9,7,5,0,0,0,0,0,,0,0,2,2,100%,9,0.618,1,1,5,2,0,5,1,6,3,1,3,1,4,23,guerrja02
268,Luis Guillorme,28,NYM,1,1,1,1,0,0,0,0,0,,0,0,0,0,,8,0,0,0,1,0,0,1,0,1,0,0,0,0,3,12,guilllu01
269,Josh Hader*,29,SDP,44.2,47,47,41,0,1,31,27,4,87%,31,0,9,3,33%,9,1.626,19,16,12,40,4,3,6,41,0,5,0,10,2.9,17,haderjo01
270,DL Hall*,24,BAL,3,1,1,1,0,0,0,0,0,,0,0,0,0,,6,0.175,0,0,1,0,0,1,0,1,1,0,1,0,9,75,halldl01
271,Ian Hamilton,28,NYY,48.1,33,30,5,2,1,1,1,0,100%,4,3,13,4,31%,7,0.851,6,9,15,12,6,12,11,19,16,5,16,3,4.4,25,hamilia01
272,Brad Hand*,33,TOT,43,47,47,11,3,1,0,0,0,,3,3,24,6,25%,,0.787,10,13,24,10,7,30,12,35,4,11,8,5,2.7,17,handbr01
273,Brad Hand*,33,COL,35.2,40,40,11,3,1,0,0,0,,3,3,22,5,23%,8,0.829,10,8,22,8,7,25,11,29,3,11,6,4,2.7,16,handbr01
274,Brad Hand*,33,ATL,7.1,7,7,0,0,0,0,0,0,,0,0,2,1,50%,7,0.588,0,5,2,2,0,5,1,6,1,0,2,1,3.1,19,handbr01
275,Hobie Harris,30,WSN,19.1,16,16,8,0,0,0,0,0,,0,0,5,1,20%,9,0.307,1,1,14,2,1,13,2,14,3,1,3,1,3.6,22,harriho02
276,Hogan Harris*,26,OAK,63,14,8,0,2,1,0,0,0,,0,0,2,0,0%,2,0.834,0,3,5,1,1,6,1,7,7,1,7,0,12.4,74,harriho03
277,Josh Harrison,35,PHI,1.2,2,2,2,0,0,0,0,0,,0,0,3,3,100%,8,0,0,0,2,0,0,2,1,1,0,1,0,0,2.5,22,harrijo05
278,Geoff Hartlieb,29,MIA,1,1,1,1,0,0,0,0,0,,0,0,0,0,,8,0.014,0,0,1,0,0,1,0,1,0,0,0,0,3,20,hartlge01
279,Grant Hartwig,25,NYM,24.2,19,19,3,4,1,0,0,0,,2,2,11,3,27%,9,0.776,3,4,12,8,3,8,6,13,10,4,10,1,3.9,23,hartwgr01
280,Hunter Harvey,28,WSN,46.1,45,45,18,3,4,14,9,5,64%,29,15,20,8,40%,9,1.771,23,13,9,35,4,6,14,31,8,8,9,11,3.1,16,harvehu01
281,Thomas Hatch,28,TOT,16.2,11,10,5,1,1,0,0,0,,2,2,4,1,25%,,1.127,3,1,6,3,1,6,4,6,4,2,5,0,4.1,24,hatchto01
282,Thomas Hatch,28,TOR,6.1,6,6,4,0,0,0,0,0,,0,0,2,1,50%,8,0.345,0,0,6,1,0,5,2,4,2,2,2,0,3.2,22,hatchto01
283,Thomas Hatch,28,PIT,10.1,5,4,1,1,1,0,0,0,,2,2,2,0,0%,7,1.794,3,1,0,2,1,1,2,2,2,0,3,0,5.5,26,hatchto01
284,Brent Headrick*,25,MIN,20.1,10,10,4,2,0,2,1,1,50%,2,0,7,1,14%,7,0.231,1,1,8,3,1,6,4,6,6,2,6,0,6.1,37,headrbr01
285,Taylor Hearn*,28,TOT,12,11,11,2,0,0,0,0,0,,1,1,4,0,0%,,0.302,0,3,8,4,1,6,3,8,4,4,5,0,3.3,24,hearnta01
286,Taylor Hearn*,28,TOT,11.2,10,10,2,0,0,0,0,0,,1,1,4,0,0%,,0.325,0,3,7,3,1,6,3,7,4,3,5,0,3.5,24,hearnta01
287,Taylor Hearn*,28,TEX,7,4,4,2,0,0,0,0,0,,0,0,2,0,0%,7,0.122,0,0,4,1,0,3,1,3,3,0,3,0,5.3,35,hearnta01
288,Taylor Hearn*,28,ATL,0.1,1,1,0,0,0,0,0,0,,0,0,0,0,,8,0.038,0,0,1,1,0,0,0,1,0,1,0,0,1,24,hearnta01
289,Taylor Hearn*,28,KCR,4.2,6,6,0,0,0,0,0,0,,1,1,2,0,0%,7,0.639,0,3,3,2,1,3,2,4,1,3,2,0,2.3,17,hearnta01
290,Jonathan Heasley,26,KCR,15,12,12,5,0,0,1,0,1,0%,2,1,4,2,50%,8,0.496,1,3,8,4,0,8,2,10,3,0,3,2,3.8,18,heasljo01
291,Ben Heller,31,ATL,14.1,16,16,3,0,0,1,0,1,0%,5,4,8,2,25%,8,0.591,5,0,11,13,0,3,4,12,1,6,2,3,2.7,15,hellebe01
292,Ryan Helsley,28,STL,25,22,22,16,3,4,11,7,4,64%,13,2,15,3,20%,9,1.913,13,4,5,14,5,3,9,13,9,4,10,4,3.4,19,helslry01
293,Heath Hembree,34,TBR,1.1,1,1,0,0,0,0,0,0,,0,0,1,0,0%,5,0.168,0,0,1,0,0,1,1,0,1,0,1,0,4,18,hembrhe01
294,Liam Hendriks,34,CHW,5,5,5,3,2,0,1,1,0,100%,1,0,0,0,,9,1.592,4,1,0,1,3,1,0,5,0,0,0,1,3,17,hendrli01
295,Tommy Henry*,25,ARI,89,17,1,0,0,0,0,0,0,,0,0,0,0,,5,0.942,0,1,0,0,0,1,0,1,1,0,1,0,4,10,henryto01
296,Sam Hentges*,26,CLE,37.1,41,41,8,2,2,3,0,3,0%,15,11,25,2,8%,7,1.265,15,12,14,18,6,17,18,23,5,14,13,9,2.7,15,hentgsa01
297,Jimmy Herget,29,LAA,17,17,17,3,1,3,2,0,2,0%,6,4,15,9,60%,7,1.057,7,4,6,7,3,7,8,9,4,3,5,2,3,18,hergeji01
298,Kevin Herget,32,CIN,22,13,13,6,1,2,1,1,0,100%,1,0,1,0,0%,8,0.376,2,0,11,5,2,6,1,12,8,0,9,0,5.1,29,hergeke01
299,Carlos Hernández,26,KCR,61,55,51,12,1,8,6,3,3,50%,18,12,18,8,44%,7,1.174,17,17,17,20,10,21,10,41,10,10,10,10,3.2,18,hernaca04
300,Daysbel Hernández,26,ATL,3.2,4,4,2,1,0,0,0,0,,0,0,0,0,,8,0.367,0,1,3,1,0,3,0,4,0,1,0,0,2.8,21,hernada03
301,Jonathan Hernández,26,TEX,21.2,25,25,4,1,1,3,0,3,0%,12,8,15,5,33%,8,1.238,9,6,10,21,2,2,9,16,5,12,7,2,2.6,16,hernajo02
302,Jose Hernandez*,25,PIT,39.2,39,39,7,0,1,2,0,2,0%,7,5,16,6,38%,7,0.572,5,12,22,10,4,25,12,27,10,15,12,5,3.1,17,hernajo03
303,Yonny Hernández,25,LAD,1,1,1,1,0,0,0,0,0,,0,0,0,0,,8,0,0,0,1,0,0,1,0,1,0,0,0,0,3,10,hernayo02
304,Jose Herrera,26,ARI,1,1,1,1,0,0,0,0,0,,0,0,0,0,,8,0,0,0,1,0,0,1,0,1,0,0,0,0,3,27,herrejo04
305,Tim Herrin*,26,CLE,27.2,23,23,6,1,1,1,0,1,0%,3,1,10,4,40%,7,0.515,1,5,17,6,0,17,6,17,9,5,10,2,3.6,22,herriti01
306,Jordan Hicks,26,TOT,50.2,50,50,22,2,8,14,11,3,79%,22,8,14,2,14%,,1.483,25,13,12,27,10,13,12,38,9,10,11,9,3,18,hicksjo03
307,Jordan Hicks,26,STL,41.2,40,40,16,1,6,11,8,3,73%,17,6,12,2,17%,9,1.423,18,11,11,22,6,12,10,30,8,8,10,7,3.1,19,hicksjo03
308,Jordan Hicks,26,TOR,9,10,10,6,1,2,3,3,0,100%,5,2,2,0,0%,9,1.81,7,2,1,5,4,1,2,8,1,2,1,2,2.7,13,hicksjo03
309,Garrett Hill,27,DET,13.2,8,8,2,0,0,1,1,0,100%,2,1,8,3,38%,8,0.559,3,1,4,2,0,6,5,3,5,1,5,0,5.1,35,hillga02
310,Tim Hill*,33,SDP,42.2,45,45,7,1,4,3,0,3,0%,12,9,14,4,29%,8,1.083,13,7,25,26,5,14,10,35,8,13,9,11,2.8,15,hillti01
311,Sean Hjelle,26,SFG,22,12,12,4,2,1,1,0,1,0%,1,0,7,2,29%,7,0.626,2,3,7,3,2,7,6,6,6,3,7,2,5.5,34,hjellse01
312,Bryan Hoeing,26,MIA,52,25,19,8,1,0,0,0,0,,2,2,14,6,43%,8,0.79,3,3,13,5,2,12,10,9,8,3,8,4,4.4,20,hoeinbr01
313,Jeff Hoffman,30,PHI,38,37,37,10,3,2,2,1,1,50%,6,4,22,6,27%,8,1.124,10,8,19,12,4,21,14,23,8,10,11,5,3.1,17,hoffmje02
314,Colin Holderman,27,PIT,45,47,47,7,0,2,5,2,3,40%,26,21,7,1,14%,8,1.628,17,16,14,33,5,9,5,42,4,8,4,7,2.9,16,holdeco01
315,Gavin Hollowell,25,COL,15.1,12,12,4,1,0,0,0,0,,1,1,7,2,29%,8,0.517,2,0,10,3,1,8,6,6,5,2,5,2,3.8,23,holloga01
316,Clay Holmes,30,NYY,48,51,51,28,4,4,19,16,3,84%,24,5,22,10,45%,9,1.757,26,14,11,32,13,6,12,39,3,9,5,12,2.8,16,holmecl01
317,Tyler Holton*,27,DET,66.2,45,44,7,3,2,2,1,1,50%,13,9,19,3,16%,7,0.814,12,16,16,22,4,18,14,30,26,7,28,5,4.5,21,holtoty01
318,Brent Honeywell Jr.,28,TOT,52.1,40,40,10,2,4,2,0,2,0%,6,4,23,11,48%,,0.754,11,9,20,13,7,20,13,27,17,6,19,7,3.9,24,honeybr01
319,Brent Honeywell Jr.,28,SDP,46.2,36,36,10,2,4,2,0,2,0%,5,3,22,11,50%,6,0.802,10,9,17,12,7,17,12,24,15,5,17,7,3.9,23,honeybr01
320,Brent Honeywell Jr.,28,CHW,5.2,4,4,0,0,0,0,0,0,,1,1,1,0,0%,8,0.424,1,0,3,1,0,3,1,3,2,1,2,0,4.3,27,honeybr01
321,Adrian Houser,30,MIL,88.1,18,2,1,0,0,0,0,0,,0,0,0,0,,8,0.917,0,0,2,1,0,1,0,2,1,0,1,0,7.5,48,housead01
322,Spencer Howard,26,TEX,3.1,3,3,2,0,0,0,0,0,,0,0,1,0,0%,8,0.123,0,0,3,0,0,3,1,2,1,1,1,0,3.3,27,howarsp01
323,Bryan Hudson*,26,LAD,7.2,5,5,4,0,0,0,0,0,,0,0,0,0,,8,0.089,0,0,5,3,0,2,0,5,3,0,3,1,4.6,28,hudsobr01
324,Dakota Hudson,28,STL,43.1,11,6,1,1,0,0,0,0,,1,1,8,2,25%,5,0.844,3,2,1,2,1,3,5,1,6,0,6,0,8.2,48,hudsoda02
325,Daniel Hudson,36,LAD,3,3,3,1,0,0,1,1,0,100%,2,1,0,0,,8,2.121,1,1,1,3,0,0,0,3,0,0,0,0,3,21,hudsoda01
326,Brandon Hughes*,27,CHC,13.2,17,17,2,0,3,2,0,2,0%,3,1,15,5,33%,5,1.247,5,4,8,6,2,9,9,8,2,9,4,4,2.4,14,hughebr01
327,Tommy Hunter,36,NYM,23.2,14,14,6,0,1,0,0,0,,1,1,10,5,50%,6,0.439,2,1,11,3,1,10,6,8,10,3,10,1,5.1,26,hunteto02
328,Raisel Iglesias,33,ATL,40.2,43,43,38,3,4,27,25,2,93%,27,0,0,0,,9,1.976,25,10,8,33,7,3,2,41,0,5,0,11,2.8,15,iglesra01
329,Kolton Ingram*,26,LAA,2.1,2,2,0,0,0,0,0,0,,0,0,0,0,,7,0.174,0,0,2,2,0,0,0,2,1,1,1,0,3.5,23,ingrako01
330,Cole Irvin*,29,BAL,58,18,8,3,0,0,0,0,0,,1,1,2,1,50%,8,0.915,1,1,6,2,0,6,1,7,3,1,3,0,4.4,29,irvinco01
331,Andre Jackson,27,TOT,36.2,12,10,5,0,0,2,2,0,100%,3,1,5,3,60%,,0.622,2,2,6,5,0,5,3,7,10,0,10,0,8.6,45,jacksan01
332,Andre Jackson,27,LAD,17.2,7,7,5,0,0,2,2,0,100%,2,0,3,2,67%,7,0.137,0,1,6,3,0,4,2,5,7,0,7,0,7.6,44,jacksan01
333,Andre Jackson,27,PIT,19,5,3,0,0,0,0,0,0,,1,1,2,1,50%,7,1.12,2,1,0,2,0,1,1,2,3,0,3,0,11,47,jacksan01
334,Jay Jackson,35,TOR,22,18,18,5,3,0,0,0,0,,1,1,4,0,0%,9,0.755,2,5,11,6,5,7,3,15,6,3,7,3,3.7,19,jacksja01
335,Luke Jackson,31,SFG,21.1,22,22,6,1,1,2,0,2,0%,6,4,5,2,40%,7,0.813,3,5,14,13,1,8,5,17,4,3,4,2,2.9,16,jackslu01
336,Zach Jackson,28,OAK,18,19,19,6,2,1,2,1,1,50%,3,1,7,2,29%,8,2.255,12,3,4,5,8,6,8,11,3,4,3,5,2.8,20,jacksza02
337,Alek Jacob,25,SDP,3,3,3,2,0,0,0,0,0,,0,0,2,0,0%,8,0.203,0,1,2,1,0,2,2,1,1,2,1,0,3,16,jacobal01
338,Joe Jacques*,28,BOS,20,17,16,5,2,0,1,1,0,100%,1,0,7,2,29%,5,0.655,2,5,9,5,1,10,5,11,5,4,5,4,3.5,18,jacqujo01
339,Drey Jameson,25,ARI,40.2,15,12,3,3,0,1,1,0,100%,2,1,8,0,0%,5,0.782,2,5,5,3,2,7,4,8,12,0,12,0,8,42,jamesdr01
340,Kenley Jansen,35,BOS,41.2,46,46,39,3,5,32,29,3,91%,32,0,6,1,17%,9,1.979,31,10,5,33,9,4,3,43,1,7,1,8,2.7,14,janseke01
341,Bryce Jarvis,25,ARI,6.2,2,2,0,1,0,0,0,0,,0,0,1,0,0%,3,1.117,0,2,0,1,1,0,1,1,2,0,2,0,10,51,jarvibr01
342,Griffin Jax,28,MIN,53.1,57,57,10,5,7,9,2,7,22%,28,19,9,4,44%,8,1.757,41,6,10,31,16,10,9,48,0,9,0,14,2.8,15,jaxgr01
343,Dany Jiménez,29,OAK,10,11,10,3,0,1,2,1,1,50%,3,1,5,2,40%,7,1.639,8,0,2,3,5,2,3,7,2,3,2,1,2.7,16,jimenda01
344,Joe Jiménez,28,ATL,44.2,46,46,14,0,3,2,0,2,0%,13,11,16,8,50%,8,0.81,11,11,24,22,3,21,10,36,5,10,5,3,2.9,16,jimenjo02
345,Pierce Johnson,32,TOT,51,55,55,27,2,6,16,13,3,81%,23,7,10,3,30%,,1.304,18,16,21,31,7,17,10,45,1,13,2,3,2.8,17,johnspi01
346,Pierce Johnson,32,COL,39,43,43,26,1,5,15,13,2,87%,19,4,5,0,0%,9,1.372,16,12,15,24,5,14,5,38,0,10,0,3,2.7,17,johnspi01
347,Pierce Johnson,32,ATL,12,12,12,1,1,1,1,0,1,0%,4,3,5,3,60%,7,1.028,2,4,6,7,2,3,5,7,1,3,2,0,3,15,johnspi01
348,Ben Joyce,22,LAA,4,5,5,0,1,0,0,0,0,,1,1,0,0,,7,1.321,1,2,2,1,2,2,0,5,0,1,0,0,2.4,17,joycebe01
349,Jakob Junis,30,SFG,70.2,34,31,5,4,3,2,1,1,50%,4,2,15,5,33%,4,0.822,8,10,13,9,7,15,12,19,20,2,24,1,6,33,junisja01
350,Tommy Kahnle,33,NYY,30,33,33,7,1,3,3,1,2,33%,14,11,9,8,89%,8,1.161,16,7,10,17,6,10,5,28,0,6,1,6,2.7,15,kahnlto01
351,James Kaprielian,29,OAK,61,14,3,0,0,0,1,0,1,0%,1,0,1,1,100%,7,1.053,1,1,1,1,1,1,1,2,0,1,0,0,2.7,23,kaprija01
352,Ricky Karcher,25,CIN,1,1,1,1,0,0,1,1,0,100%,1,0,0,0,,10,6.342,1,0,0,1,0,0,1,0,0,0,0,0,3,21,karchri01
353,James Karinchak,27,CLE,31,35,35,4,2,4,2,0,2,0%,14,12,13,6,46%,8,1.543,18,8,9,15,9,11,8,27,2,8,3,10,2.7,16,karinja01
354,Karl Kauffmann,25,COL,22.2,7,4,2,1,0,0,0,0,,0,0,0,0,,3,0.931,0,2,2,2,1,1,0,4,3,0,3,0,7.5,32,kauffka01
355,Anthony Kay*,28,CHC,11.1,13,13,4,0,0,1,0,1,0%,1,0,6,4,67%,7,0.396,2,0,11,10,1,2,4,9,2,3,2,2,2.6,15,kayan01
356,Trevor Kelley,30,TBR,13.1,9,6,2,0,1,0,0,0,,1,1,1,0,0%,8,0.78,0,3,3,1,0,5,1,5,2,2,2,1,3.5,21,kelletr01
357,Carson Kelly,28,ARI,2,2,2,2,0,0,0,0,0,,0,0,0,0,,9,0,0,0,2,0,0,2,0,2,0,0,0,0,3,20,kellyca02
358,Joe Kelly,35,TOT,32.2,35,35,4,2,5,7,1,6,14%,19,12,17,6,35%,,1.661,24,4,7,25,8,2,10,25,4,6,5,4,2.8,17,kellyjo05
359,Joe Kelly,35,CHW,29,31,31,4,1,5,7,1,6,14%,18,11,13,5,38%,7,1.663,21,4,6,23,6,2,8,23,3,5,4,4,2.8,18,kellyjo05
360,Joe Kelly,35,LAD,3.2,4,4,0,1,0,0,0,0,,1,1,4,1,25%,8,1.638,3,0,1,2,2,0,2,2,1,1,1,0,2.8,15,kellyjo05
361,Kevin Kelly,25,TBR,54.1,48,48,4,4,2,2,1,1,50%,11,9,31,9,29%,6,1.002,18,11,19,22,9,17,19,29,18,14,18,8,3.4,18,kellyke02
362,Michael Kelly,30,CLE,12.2,11,11,5,1,0,0,0,0,,0,0,4,2,50%,8,0.485,0,2,9,4,0,7,2,9,3,1,3,0,3.5,18,kellymi03
363,Zack Kelly,28,BOS,7.1,6,6,1,0,0,0,0,0,,0,0,3,2,67%,5,0.576,1,2,3,1,0,5,1,5,2,2,2,0,3.7,24,kellyza01
364,Brett Kennedy,28,CIN,12,3,1,1,0,0,0,0,0,,0,0,0,0,,8,0.762,0,0,1,1,0,0,0,1,1,0,1,0,6,33,kennebr02
365,Ian Kennedy,38,TEX,10,11,11,5,0,1,1,0,1,0%,1,0,5,4,80%,7,0.491,1,2,8,4,0,7,2,9,2,3,2,1,2.7,18,kenneia01
366,Ray Kerr*,28,SDP,14.1,13,13,6,1,1,1,0,1,0%,1,0,7,4,57%,8,1.03,3,1,9,6,2,5,4,9,3,4,5,2,3.3,18,kerrra01
367,Caleb Kilian,26,CHC,5.1,3,2,1,0,0,0,0,0,,0,0,3,1,33%,8,0.663,0,0,2,0,0,2,1,1,0,0,0,0,3,21,kiliaca01
368,Craig Kimbrel,35,PHI,54,56,56,37,7,4,21,19,2,90%,25,4,1,1,100%,9,1.738,32,8,16,33,14,9,5,51,0,4,0,12,2.9,15,kimbrcr01
369,Isiah Kiner-Falefa,28,NYY,4,4,4,4,0,0,0,0,0,,0,0,0,0,,9,0,0,0,4,0,0,4,0,4,0,0,0,0,3,13,kineris01
370,John King*,28,TOT,26.1,22,22,9,1,1,1,0,1,0%,6,5,19,6,32%,,0.582,4,5,13,11,0,11,11,11,7,5,7,2,3.6,17,kingjo01
371,John King*,28,TEX,18.2,15,15,8,1,1,1,0,1,0%,3,2,16,6,38%,8,0.526,3,2,10,8,0,7,8,7,5,4,5,2,3.7,18,kingjo01
372,John King*,28,STL,7.2,7,7,1,0,0,0,0,0,,3,3,3,0,0%,6,0.745,1,3,3,3,0,4,3,4,2,1,2,0,3.3,14,kingjo01
373,Michael King,28,NYY,69,42,40,10,3,4,10,6,4,60%,19,8,27,8,30%,7,1.379,21,12,7,22,9,9,18,22,27,5,29,0,4.8,26,kingmi01
374,Tyler Kinley,32,COL,5.2,7,7,2,0,1,1,0,1,0%,2,1,1,1,100%,9,1.146,3,2,2,3,1,3,1,6,0,3,0,1,2.4,16,kinlety01
375,Andrew Kittredge,33,TBR,2.1,3,3,1,1,0,1,1,0,100%,1,0,3,2,67%,10,1.31,2,1,0,1,0,2,2,1,0,1,0,1,2.3,13,kittran01
376,Corey Kluber,37,BOS,55,15,6,1,1,0,1,1,0,100%,1,0,0,0,,7,0.775,1,1,4,2,1,3,0,6,5,0,5,1,6.7,37,klubeco01
377,Reiss Knehr,26,SDP,5.2,4,3,3,0,0,0,0,0,,0,0,2,2,100%,8,0.663,0,0,3,0,0,3,1,2,1,1,1,1,3.7,23,knehrre01
378,Matt Koch,32,COL,26.2,26,26,6,2,2,1,0,1,0%,5,4,8,1,13%,8,0.98,9,3,14,8,7,11,6,20,6,5,6,6,3.1,14,kochma01
379,Adam Kolarek*,34,TOT,4,3,3,0,0,0,0,0,0,,0,0,4,2,50%,,0.684,1,2,0,0,0,3,2,1,2,1,2,0,4,20,kolarad01
380,Adam Kolarek*,34,LAD,1.1,1,1,0,0,0,0,0,0,,0,0,2,2,100%,3,0.638,1,0,0,0,0,1,1,0,1,0,1,0,4,19,kolarad01
381,Adam Kolarek*,34,NYM,2.2,2,2,0,0,0,0,0,0,,0,0,2,0,0%,6,0.707,0,2,0,0,0,2,1,1,1,1,1,0,4,21,kolarad01
382,Jackson Kowar,26,KCR,14.1,11,11,4,0,0,0,0,0,,0,0,5,3,60%,8,0.419,2,2,7,1,0,10,3,8,4,1,4,0,3.9,27,kowarja01
383,Joey Krehbiel,30,BAL,1.2,2,2,2,0,0,0,0,0,,0,0,1,0,0%,9,0.074,0,0,2,1,0,1,1,1,1,1,1,0,2.5,8,krehbjo01
384,Brooks Kriske,29,KCR,6.2,4,4,2,0,0,0,0,0,,0,0,7,1,14%,9,0.167,0,0,4,0,0,4,3,1,3,0,3,0,5,23,kriskbr01
385,Matt Krook*,28,NYY,3,2,2,0,0,0,0,0,0,,0,0,4,4,100%,5,0.135,0,0,2,0,0,2,2,0,2,0,2,0,4.5,40,krookma01
386,Chad Kuhl,30,WSN,38.1,16,11,5,0,2,2,1,1,50%,2,0,8,3,38%,8,1.002,4,1,6,2,1,8,4,7,6,0,7,1,4.5,28,kuhlch01
387,Joel Kuhnel,28,TOT,5.1,4,4,1,0,0,0,0,0,,0,0,4,2,50%,,0.404,0,0,4,0,0,4,2,2,3,1,3,0,4,24,kuhnejo01
388,Joel Kuhnel,28,CIN,3.1,2,2,1,0,0,0,0,0,,0,0,4,2,50%,7,0.151,0,0,2,0,0,2,2,0,2,0,2,0,5,29,kuhnejo01
389,Joel Kuhnel,28,HOU,2,2,2,0,0,0,0,0,0,,0,0,0,0,,8,0.763,0,0,2,0,0,2,0,2,1,1,1,0,3,20,kuhnejo01
390,Joe La Sorsa*,25,TOT,20.2,17,17,7,1,0,0,0,0,,1,1,9,2,22%,,0.384,2,1,14,4,0,13,4,13,7,7,7,2,3.6,21,lasorjo01
391,Joe La Sorsa*,25,TBR,4.1,2,2,1,0,0,0,0,0,,0,0,0,0,,7,0.831,0,1,1,1,0,1,0,2,2,0,2,0,6.5,46,lasorjo01
392,Joe La Sorsa*,25,WSN,16.1,15,15,6,1,0,0,0,0,,1,1,9,2,22%,8,0.265,2,0,13,3,0,12,4,11,5,7,5,2,3.3,18,lasorjo01
393,Jake Lamb,32,LAA,1,1,1,1,0,0,0,0,0,,0,0,0,0,,9,0,0,0,1,0,0,1,0,1,0,0,0,0,3,8,lambja01
394,Jimmy Lambert,28,CHW,34.2,32,31,10,2,3,1,1,0,100%,4,3,10,8,80%,6,0.971,10,6,15,9,7,15,8,23,9,7,9,6,3.3,19,lambeji01
395,Peter Lambert,26,COL,71.1,22,14,1,1,1,0,0,0,,0,0,9,4,44%,5,0.653,1,5,8,0,2,12,6,8,12,0,13,0,6.7,39,lambepe01
396,Dinelson Lamet,30,TOT,27.2,17,13,1,1,1,2,0,2,0%,3,0,3,3,100%,,0.814,3,2,8,5,1,7,1,12,2,3,2,0,2.9,21,lametdi01
397,Dinelson Lamet,30,COL,25.2,16,12,1,1,1,2,0,2,0%,3,0,3,3,100%,7,0.821,3,2,7,5,1,6,1,11,1,3,1,0,2.7,19,lametdi01
398,Dinelson Lamet,30,BOS,2,1,1,0,0,0,0,0,0,,0,0,0,0,,5,0.727,0,0,1,0,0,1,0,1,1,0,1,0,6,40,lametdi01
399,Alex Lange,27,DET,49.2,51,51,32,5,3,22,19,3,86%,27,5,13,0,0%,9,1.997,33,6,12,33,11,7,11,40,5,9,6,13,2.9,17,langeal01
400,Eric Lauer*,28,MIL,42.2,9,1,1,1,0,0,0,0,,0,0,0,0,,4,0.727,0,0,1,1,0,0,0,1,1,0,1,0,16,87,lauerer01
401,Derek Law,32,CIN,43.2,41,39,7,4,4,3,1,2,33%,6,3,17,1,6%,8,0.99,10,11,18,15,7,17,14,25,9,9,11,6,3.2,18,lawde01
402,Casey Lawrence,35,STL,9,2,2,2,0,0,0,0,0,,0,0,2,1,50%,5,0.047,0,0,2,0,0,2,1,1,2,0,2,0,13.5,78,lawreca01
403,Justin Lawrence,28,COL,61,53,53,25,3,6,16,10,6,63%,24,8,31,4,13%,8,1.662,24,15,14,33,6,14,21,32,18,5,19,12,3.5,17,lawreju01
404,Kyle Leahy,26,STL,1.2,3,3,0,0,1,1,0,1,0%,1,0,0,0,,7,1.026,1,0,2,3,0,0,0,3,0,3,0,0,1.7,19,leahyky01
405,José Leclerc,29,TEX,41.1,40,40,18,0,2,3,1,2,33%,6,3,15,5,33%,9,0.82,7,6,27,21,6,13,8,32,9,9,10,2,3.1,18,leclejo01
406,Dylan Lee*,28,ATL,20.1,20,19,2,1,0,0,0,0,,6,6,6,0,0%,6,1.055,6,5,8,11,4,4,6,13,3,8,4,4,2.8,16,leedy01
407,Casey Legumina,26,CIN,11.2,10,10,2,1,0,0,0,0,,1,1,8,3,38%,8,0.383,2,1,7,3,1,6,4,6,4,4,5,0,3.5,22,legumca01
408,Mark Leiter Jr.,32,CHC,54.1,56,56,12,1,2,6,4,2,67%,29,23,27,10,37%,7,1.263,23,16,17,37,5,14,16,40,9,16,10,16,2.9,16,leitema02
409,Sandy León,34,TEX,1,1,1,1,0,0,0,0,0,,0,0,0,0,,9,0,0,0,1,0,0,1,0,1,0,0,0,0,3,18,leonsa01
410,Dominic Leone,31,TOT,40,39,39,8,1,3,1,1,0,100%,3,2,28,10,36%,,0.966,7,12,20,7,7,25,19,20,9,9,11,8,3.1,16,leonedo01
411,Dominic Leone,31,NYM,30.2,31,31,6,1,3,0,0,0,,2,2,20,5,25%,6,0.916,4,9,18,6,5,20,15,16,6,7,8,6,3,15,leonedo01
412,Dominic Leone,31,LAA,9.1,8,8,2,0,0,1,1,0,100%,1,0,8,5,63%,6,1.119,3,3,2,1,2,5,4,4,3,2,3,2,3.5,21,leonedo01
413,Josh Lester,28,BAL,1,1,1,1,0,0,0,0,0,,0,0,0,0,,9,0,0,0,1,0,0,1,0,1,0,0,0,0,3,18,lestejo02
414,Matthew Liberatore*,23,STL,50,12,1,0,0,0,0,0,0,,0,0,0,0,,8,0.9,0,0,1,1,0,0,0,1,0,0,0,0,3,24,liberma01
415,Jeff Lindgren,26,MIA,7,3,3,1,0,0,0,0,0,,0,0,0,0,,9,0.179,0,0,3,1,0,2,0,3,1,0,1,0,7,34,lindgje01
416,Zack Littell,27,TOT,52.2,21,13,7,0,1,0,0,0,,0,0,3,1,33%,,0.71,0,2,11,5,1,7,1,12,5,1,5,2,4,22,litteza01
417,Zack Littell,27,BOS,3,2,2,2,0,0,0,0,0,,0,0,0,0,,8,0.085,0,0,2,0,0,2,0,2,1,0,1,0,4.5,31,litteza01
418,Zack Littell,27,TBR,49.2,19,11,5,0,1,0,0,0,,0,0,3,1,33%,8,0.755,0,2,9,5,1,5,1,10,4,1,4,2,3.9,20,litteza01
419,Ben Lively,31,CIN,71,14,2,0,1,1,0,0,0,,0,0,1,0,0%,5,0.786,0,2,0,1,1,0,1,1,2,0,2,0,8,38,livelbe01
420,Mauricio Llovera,27,TOT,18,15,15,8,1,1,1,0,1,0%,1,0,6,4,67%,,0.438,3,1,11,3,2,10,4,11,7,4,7,2,3.6,21,llovema01
421,Mauricio Llovera,27,SFG,5.1,5,5,3,1,0,1,0,1,0%,1,0,4,3,75%,8,0.727,2,0,3,1,1,3,2,3,1,2,1,1,3.2,14,llovema01
422,Mauricio Llovera,27,BOS,12.2,10,10,5,0,1,0,0,0,,0,0,2,1,50%,8,0.345,1,1,8,2,1,7,2,8,6,2,6,1,3.8,25,llovema01
423,Jonathan Loáisiga,28,NYY,9.2,9,9,1,0,0,0,0,0,,3,3,5,1,20%,7,0.922,3,2,4,5,2,2,4,5,3,1,3,1,3.2,13,loaisjo01
424,Zach Logue*,27,DET,11,3,3,2,0,0,0,0,0,,0,0,1,1,100%,6,0.29,0,0,3,0,1,2,1,2,3,0,3,0,11,58,logueza01
425,Sam Long*,27,OAK,42.2,38,37,15,0,0,2,2,0,100%,6,4,30,11,37%,8,0.668,8,9,20,8,4,25,18,19,12,10,16,8,3.4,19,longsa01
426,Jacob Lopez*,25,TBR,7,3,3,1,0,0,1,1,0,100%,1,0,0,0,,7,0.286,0,0,3,2,0,1,0,3,2,0,2,0,7,35,lopezja04
427,Jorge López,30,TOT,44.1,47,47,13,6,2,7,3,4,43%,14,7,10,4,40%,,1.31,21,6,20,22,7,18,10,37,4,8,6,12,2.8,16,lopezjo02
428,Jorge López,30,MIN,35.1,37,37,12,4,2,7,3,4,43%,13,6,6,2,33%,8,1.42,18,5,14,20,6,11,7,30,3,5,5,10,2.9,15,lopezjo02
429,Jorge López,30,MIA,9,10,10,1,2,0,0,0,0,,1,1,4,2,50%,8,0.94,3,1,6,2,1,7,3,7,1,3,1,2,2.7,19,lopezjo02
430,José Lopez*,24,TBR,2,1,1,0,0,0,0,0,0,,0,0,1,1,100%,6,0.526,0,0,1,0,0,1,1,0,1,0,1,0,6,51,lopezjo04
431,Nicky Lopez,28,ATL,1,1,1,1,0,0,0,0,0,,0,0,0,0,,9,0,0,0,1,1,0,0,0,1,0,0,0,0,3,12,lopezni01
432,Reynaldo López,29,TOT,52.2,53,53,15,2,6,11,6,5,55%,24,13,18,6,33%,,1.658,30,10,13,30,12,11,15,38,9,10,11,12,3,18,lopezre01
433,Reynaldo López,29,CHW,42,43,43,13,2,5,9,4,5,44%,19,10,17,6,35%,8,1.665,24,8,11,25,10,8,14,29,7,9,9,9,2.9,18,lopezre01
434,Reynaldo López,29,LAA,10.2,10,10,2,0,1,2,2,0,100%,5,3,1,0,0%,8,1.629,6,2,2,5,2,3,1,9,2,1,2,3,3.2,19,lopezre01
435,Aaron Loup*,35,LAA,38.1,45,45,19,1,2,3,1,2,33%,11,8,15,7,47%,7,0.858,7,11,27,18,2,25,14,31,3,17,5,9,2.6,14,loupaa01
436,Richard Lovelady*,27,OAK,23.1,27,27,3,0,3,2,0,2,0%,6,4,15,2,13%,8,1.098,9,6,12,7,4,16,10,17,2,11,3,2,2.6,14,lovelri01
437,Lucas Luetge*,36,ATL,11.2,11,11,4,1,0,1,0,1,0%,1,0,1,1,100%,9,0.727,0,4,7,3,1,7,1,10,2,2,3,1,3.2,24,luetglu01
438,Jordan Luplow,29,MIN,1,1,1,1,0,0,0,0,0,,0,0,0,0,,8,0,0,0,1,0,0,1,0,1,0,0,0,0,3,11,luplojo01
439,Andrés Machado,30,WSN,29.2,29,29,5,3,1,2,0,2,0%,6,4,22,8,36%,6,0.983,7,9,13,13,2,14,13,16,8,9,9,7,3.1,16,machaan02
440,Bligh Madris,27,HOU,1,1,1,1,0,0,0,0,0,,0,0,0,0,,9,0,0,0,1,0,0,1,0,1,0,0,0,0,3,11,madribl01
441,Luke Maile,32,CIN,4.1,4,4,4,0,0,0,0,0,,0,0,1,1,100%,9,0,0,0,4,0,0,4,1,3,1,0,1,1,3.3,20,mailelu01
442,Martín Maldonado,36,HOU,1,1,1,1,0,0,,0,,,,,0,0,,9,0,0,0,1,0,0,1,0,1,0,0,0,0,3,30,maldoma01
443,Sean Manaea*,31,SFG,83.2,30,24,2,3,2,2,1,1,50%,5,3,13,3,23%,5,0.859,6,8,10,10,6,8,9,15,18,3,19,1,7.6,43,manaese01
444,Joe Mantiply*,32,ARI,22.1,21,19,7,1,1,0,0,0,,2,1,10,4,40%,9,0.504,5,0,14,8,2,9,7,12,7,5,8,2,3.3,17,mantijo01
445,Ron Marinaccio,27,NYY,46.1,44,44,8,4,5,6,2,4,33%,13,7,34,8,24%,6,1.35,19,11,14,18,11,15,22,22,12,12,17,7,3.2,20,marinro01
446,Alec Marsh,25,KCR,43.2,10,4,1,0,1,0,0,0,,0,0,1,0,0%,2,0.852,0,3,1,0,3,1,1,3,3,0,3,0,12.5,75,marshal01
447,Yunior Marte,28,PHI,35,36,36,8,1,1,4,2,2,50%,6,2,24,7,29%,6,1.055,11,9,16,11,5,20,18,18,7,9,9,7,2.9,18,marteyu01
448,Chris Martin,37,BOS,43,46,46,9,4,1,2,1,1,50%,23,21,11,1,9%,8,1.637,25,11,10,30,10,6,8,38,0,6,0,6,2.8,13,martich02
449,Adrián Martinez,26,OAK,34.2,15,14,6,0,1,0,0,0,,0,0,9,4,44%,6,0.518,3,2,9,1,3,10,5,9,10,1,10,0,6.9,41,martiad01
450,Justin Martinez,21,ARI,7.2,8,8,4,0,0,1,1,0,100%,1,0,5,2,40%,8,0.709,0,1,7,4,0,4,3,5,3,3,3,1,2.9,22,martiju01
451,Nick Martinez,32,SDP,89,53,47,6,4,3,7,1,6,14%,22,15,13,4,31%,8,1.385,20,15,12,29,6,12,9,38,15,2,16,9,3.7,20,martini01
452,Seth Martinez,28,HOU,43,35,35,7,2,3,1,1,0,100%,3,2,17,0,0%,7,0.981,6,9,20,9,7,19,13,22,11,2,12,4,3.7,22,martise01
453,Miles Mastrobuoni,27,CHC,0.1,1,1,1,0,0,0,0,0,,0,0,1,1,100%,8,0,0,0,1,0,0,1,1,0,0,1,0,0,1,17,mastrmi01
454,Phil Maton,30,HOU,53.1,54,54,6,3,3,3,1,2,33%,11,8,31,16,52%,6,1.149,15,18,21,22,11,21,19,35,11,11,11,13,3,16,matonph01
455,Steven Matz*,32,STL,105,25,8,2,0,1,0,0,0,,0,0,3,1,33%,6,0.918,1,2,5,0,2,6,4,4,5,0,6,0,6,35,matzst01
456,Trevor May,33,OAK,36,38,38,24,4,4,17,14,3,82%,18,1,7,2,29%,9,1.695,20,9,9,22,10,6,8,30,3,7,3,6,2.8,16,maytr01
457,Mike Mayers,31,KCR,26.1,6,4,0,1,2,0,0,0,,0,0,0,0,,3,1.019,0,3,1,1,2,1,0,4,4,0,4,0,12.5,74,mayermi01
458,Tim Mayza*,31,TOR,44.2,58,58,7,3,1,2,1,1,50%,22,20,46,10,22%,8,1.439,24,14,20,29,9,20,29,29,7,31,11,14,2.3,12,mayzati01
459,James McArthur,26,KCR,7,6,5,1,0,0,0,0,0,,0,0,0,0,,6,0.404,0,0,5,1,0,4,0,5,1,0,1,1,3.6,22,mcartja01
460,James McCann,33,BAL,1,1,1,1,0,0,0,0,0,,0,0,0,0,,8,0,0,0,1,0,0,1,0,1,0,0,0,0,3,14,mccanja02
461,Darren McCaughan,27,SEA,5,3,3,3,0,0,0,0,0,,0,0,0,0,,9,0.046,0,0,3,1,0,2,0,3,1,0,1,0,5,37,mccauda01
462,T.J. McFarland*,34,NYM,1.2,3,3,1,0,1,0,0,0,,0,0,0,0,,9,0.472,1,0,2,0,1,2,0,3,0,2,0,1,1.7,17,mcfartj01
463,Scott McGough,33,ARI,60.1,55,54,22,1,7,14,9,5,64%,27,13,24,5,21%,9,1.497,23,15,16,34,7,13,19,35,19,17,21,9,3.2,19,mcgousc01
464,Collin McHugh,36,ATL,54.1,39,38,6,4,1,1,0,1,0%,8,7,32,8,25%,6,1.085,12,13,13,17,10,11,18,20,17,6,21,1,4.2,23,mchugco01
465,Ryan McKenna,26,BAL,1,1,1,1,0,0,0,0,0,,0,0,0,0,,9,0,0,0,1,0,0,1,0,1,0,0,0,0,3,18,mckenry01
466,Zach McKinstry,28,DET,1,1,1,1,0,0,0,0,0,,0,0,0,0,,9,0,0,0,1,0,0,1,0,1,0,0,0,0,3,22,mckinza01
467,John McMillon,25,KCR,3,3,3,2,0,0,0,0,0,,0,0,0,0,,9,0.342,0,0,3,0,0,3,0,3,0,0,0,0,3,13,mcmiljo01
468,Nick Mears,26,COL,7,5,5,2,0,0,0,0,0,,0,0,0,0,,6,0.177,0,0,5,3,0,2,0,5,2,0,2,0,4.2,22,mearsni01
469,Victor Mederos,22,LAA,3,3,3,2,0,0,0,0,0,,0,0,0,0,,8,0.248,0,0,3,0,0,3,0,3,1,1,1,0,3,22,medervi01
470,Luis Medina,24,OAK,86,18,5,0,1,1,0,0,0,,0,0,4,3,75%,2,0.965,1,3,1,1,3,1,2,3,5,0,5,0,14.2,76,medinlu02
471,Trevor Megill,29,MIL,22,20,20,8,1,0,0,0,0,,1,1,9,3,33%,8,0.519,1,6,13,5,0,15,5,15,5,1,6,3,3.3,19,megiltr01
472,J.C. Mejía,26,MIL,11.1,9,9,6,1,0,1,0,1,0%,2,1,2,2,100%,9,0.298,0,1,8,4,0,5,1,8,3,1,3,1,3.8,24,mejiaje02
473,Danny Mendick,29,NYM,2,2,2,2,0,0,0,0,0,,0,0,2,1,50%,8,0.001,0,0,2,0,0,2,1,1,1,1,1,0,3,19,mendida01
474,Julian Merryweather,31,CHC,57.2,56,56,12,5,1,1,0,1,0%,14,13,17,4,24%,7,0.9,12,11,33,29,5,22,9,47,11,12,13,12,3.1,18,merryju01
475,Keynan Middleton,29,TOT,47.1,48,48,10,2,2,4,2,2,50%,9,5,13,4,31%,,0.946,14,9,25,17,10,21,10,38,7,8,7,7,3,16,middlke01
476,Keynan Middleton,29,CHW,36.1,39,39,6,2,2,4,2,2,50%,9,5,9,3,33%,7,1.064,13,9,17,16,9,14,7,32,4,7,4,6,2.8,16,middlke01
477,Keynan Middleton,29,NYY,11,9,9,4,0,0,0,0,0,,0,0,4,1,25%,8,0.474,1,0,8,1,1,7,3,6,3,1,3,1,3.7,17,middlke01
478,Brad Miller,33,TEX,2,1,1,1,0,0,0,0,0,,0,0,2,2,100%,8,0,0,0,1,0,0,1,1,0,1,0,1,0,6,39,millebr02
479,Shelby Miller,32,LAD,30,25,25,10,1,0,1,1,0,100%,3,2,12,2,17%,9,0.681,4,7,14,10,2,13,7,18,10,4,11,2,3.6,19,millesh01
480,Tyson Miller,27,TOT,13.1,9,9,6,1,0,0,0,0,,0,0,3,3,100%,,0.33,0,2,7,2,0,7,1,8,5,2,6,0,4.4,23,millety01
481,Tyson Miller,27,MIL,9.1,7,7,6,0,0,0,0,0,,0,0,3,3,100%,8,0.241,0,1,6,1,0,6,1,6,3,2,4,0,4,20,millety01
482,Tyson Miller,27,LAD,2,1,1,0,0,0,0,0,0,,0,0,0,0,,7,0.092,0,0,1,0,0,1,0,1,1,0,1,0,6,32,millety01
483,Tyson Miller,27,NYM,2,1,1,0,1,0,0,0,0,,0,0,0,0,,4,1.056,0,1,0,1,0,0,0,1,1,0,1,0,6,31,millety01
484,Alec Mills,31,CIN,1,1,1,0,0,0,0,0,0,,0,0,0,0,,7,0.113,0,0,1,0,0,1,0,1,0,0,0,0,3,40,millsal02
485,Hoby Milner*,32,MIL,51.2,58,58,2,2,0,3,0,3,0%,16,13,35,12,34%,7,0.99,13,22,23,25,8,25,24,34,12,27,18,15,2.7,14,milneho01
486,A.J. Minter*,29,ATL,50.1,55,55,17,3,5,13,10,3,77%,27,14,18,5,28%,9,1.294,24,15,16,38,6,11,13,42,1,11,6,15,2.7,15,minteaj01
487,Anthony Misiewicz*,28,TOT,8.1,8,8,2,1,0,0,0,0,,0,0,3,1,33%,,0.395,0,1,7,2,1,5,3,5,3,3,4,1,3.1,21,misiean01
488,Anthony Misiewicz*,28,ARI,8,7,7,1,1,0,0,0,0,,0,0,2,0,0%,9,0.418,0,1,6,2,1,4,2,5,3,2,4,1,3.4,21,misiean01
489,Anthony Misiewicz*,28,DET,0.1,1,1,1,0,0,0,0,0,,0,0,1,1,100%,8,0.222,0,0,1,0,0,1,1,0,0,1,0,0,1,24,misiean01
490,Carmen Mlodzinski,24,PIT,23.2,21,20,5,2,3,1,0,1,0%,5,3,16,6,38%,7,1.172,9,4,7,9,3,8,8,12,7,3,9,1,3.4,18,mlodzca01
491,Sam Moll*,31,TOT,48,55,54,10,0,3,4,1,3,25%,11,7,46,15,33%,,1.306,23,12,19,16,15,23,26,28,11,25,16,10,2.6,15,mollsa01
492,Sam Moll*,31,OAK,37.2,45,44,10,0,3,3,1,2,33%,9,6,36,12,33%,8,1.378,18,11,15,12,14,18,20,24,7,23,10,8,2.5,14,mollsa01
493,Sam Moll*,31,CIN,10.1,10,10,0,0,0,1,0,1,0%,2,1,10,3,30%,4,1,5,1,4,4,1,5,6,4,4,2,6,2,3.1,16,mollsa01
494,Rafael Montero,32,HOU,54.1,54,54,19,2,3,5,1,4,20%,13,7,6,3,50%,8,0.658,9,15,30,27,4,23,4,50,5,6,5,9,3,19,montera01
495,Matt Moore*,34,LAA,41,38,38,4,3,1,0,0,0,,19,19,4,0,0%,8,1.67,19,14,5,23,13,2,4,34,7,4,7,5,3.2,17,moorema02
496,McKinley Moore,24,PHI,3.1,3,3,0,0,0,0,0,0,,0,0,0,0,,6,0.206,0,0,3,1,0,2,0,3,1,0,1,0,3.3,29,mooremc01
497,Jovani Moran*,26,MIN,42.1,43,43,11,2,2,1,0,1,0%,10,9,25,5,20%,7,1.017,14,8,21,23,6,14,16,27,11,16,13,9,3,17,moranjo01
498,Adrián Morejón*,24,SDP,9,8,7,1,0,0,0,0,0,,0,0,0,0,,8,0.665,0,1,6,2,1,4,0,7,1,3,1,1,2.6,17,morejad01
499,Dauri Moreta,27,PIT,51,50,50,11,4,2,3,1,2,33%,8,4,31,6,19%,7,0.845,15,6,29,16,7,27,24,26,14,14,17,9,3.1,17,moretda01
500,Eli Morgan,27,CLE,52.1,48,48,9,4,2,2,1,1,50%,10,8,14,2,14%,6,0.969,10,14,24,18,6,24,11,37,14,7,15,3,3.3,19,morgael01
501,Reyes Moronta,30,LAA,1.1,2,2,0,0,0,0,0,0,,0,0,0,0,,7,1.312,1,0,1,1,1,0,0,2,0,2,0,0,2,24,moronre01
502,Cody Morris,26,CLE,4,4,4,1,0,0,0,0,0,,1,1,0,0,,8,0.42,1,0,3,2,0,2,0,4,0,0,0,0,3,23,morrico01
503,Zach Muckenhirn*,28,NYM,6,3,3,1,0,0,0,0,0,,0,0,4,3,75%,4,0.137,0,0,3,1,0,2,2,1,3,0,3,0,6,32,muckeza01
504,Kyle Muller*,25,OAK,59.1,13,2,0,0,0,0,0,0,,0,0,0,0,,5,0.896,0,0,2,0,0,2,0,2,2,0,2,0,11,67,mulleky01
505,Andrés Muñoz,24,SEA,35.2,37,37,11,3,5,11,8,3,73%,24,13,13,2,15%,8,2.065,24,12,1,24,10,3,8,29,3,5,4,8,2.9,16,munozan01
506,Penn Murfee,29,SEA,14,16,16,3,1,2,1,0,1,0%,2,1,11,1,9%,5,1.153,3,5,8,3,1,12,9,7,2,6,4,4,2.6,14,murfepe01
507,Chris Murphy*,25,BOS,38.2,13,13,4,1,1,1,1,0,100%,1,0,3,0,0%,2,0.604,0,7,6,2,2,9,3,10,12,0,12,0,8.9,54,murphch01
508,Parker Mushinski*,27,HOU,13.1,12,12,2,0,0,0,0,0,,1,1,4,2,50%,5,0.517,1,5,6,4,1,7,3,9,4,1,4,1,3.3,19,mushipa01
509,James Naile,30,STL,14,9,9,5,0,0,0,0,0,,1,1,3,1,33%,7,0.174,0,2,7,3,0,6,3,6,6,1,6,1,4.7,33,naileja01
510,Andrew Nardi*,24,MIA,43.1,48,48,8,6,1,3,2,1,67%,14,11,31,4,13%,6,1.162,17,17,14,18,9,21,20,28,6,15,11,10,2.7,15,nardian01
511,Packy Naughton*,27,STL,5,4,4,2,0,0,0,0,0,,0,0,1,0,0%,7,0.125,0,0,4,1,0,3,1,3,1,1,1,1,3.8,17,naughpa01
512,Edgar Navarro,25,CHW,4.2,4,4,2,0,0,0,0,0,,0,0,2,0,0%,9,0.253,0,1,3,0,0,4,1,3,1,1,1,1,3.5,20,navared01
513,Zach Neal,34,OAK,12,7,7,6,0,0,0,0,0,,0,0,6,3,50%,8,0.114,0,0,7,0,0,7,2,5,5,1,5,2,5.1,29,nealza01
514,Kyle Nelson*,26,ARI,47,57,56,5,7,3,4,0,4,0%,13,9,38,15,39%,7,1.139,16,18,22,23,11,22,22,34,9,31,18,15,2.4,13,nelsoky01
515,Hector Neris,34,HOU,52.2,56,56,6,6,2,3,2,1,67%,28,25,15,7,47%,8,1.531,30,15,11,31,15,10,9,47,2,9,2,8,2.8,15,nerishe01
516,Sean Newcomb*,30,OAK,1,1,1,1,0,0,0,0,0,,0,0,0,0,,9,0.083,0,0,1,0,0,1,0,1,0,0,0,0,3,10,newcose01
517,Vinny Nittoli,32,NYM,3.2,3,3,3,0,0,0,0,0,,0,0,3,0,0%,8,0.192,0,1,2,1,0,2,1,2,1,1,1,0,3.7,18,nittovi01
518,Stephen Nogosek,28,NYM,25.2,13,13,1,0,1,0,0,0,,0,0,10,2,20%,5,0.544,1,5,7,3,2,8,6,7,9,1,10,0,5.9,38,nogosst01
519,Sean Nolin*,33,MIA,3,1,1,1,0,0,0,0,0,,0,0,0,0,,6,0.019,0,0,1,0,0,1,0,1,1,0,1,0,9,62,nolinse01
520,Daniel Norris*,30,CLE,10.2,6,6,3,0,0,0,0,0,,0,0,6,1,17%,8,0.48,0,3,3,1,0,5,2,4,6,0,6,0,5.3,35,norrida01
521,Steven Okert*,31,MIA,46,49,48,10,3,0,3,0,3,0%,13,10,25,10,40%,7,0.851,11,12,25,23,4,21,15,33,7,13,7,9,2.9,15,okertst01
522,Adam Oller,28,OAK,19.2,9,8,2,1,1,0,0,0,,0,0,3,2,67%,8,0.677,1,2,5,0,1,7,3,5,6,1,6,2,6.5,41,ollerad01
523,Reese Olson,23,DET,68,15,3,0,0,0,0,0,0,,1,1,0,0,,6,0.859,0,3,0,1,2,0,0,3,3,0,3,0,12,55,olsonre01
524,Kaleb Ort,31,BOS,23,21,19,7,1,2,1,0,1,0%,2,1,4,3,75%,8,0.82,4,3,12,9,2,8,4,15,2,5,2,4,2.9,17,ortka01
525,Oliver Ortega,26,MIN,14.2,10,10,1,0,1,0,0,0,,1,1,1,0,0%,8,0.59,2,0,8,2,1,7,1,9,5,1,5,0,4.4,24,ortegol01
526,Luis Ortiz,27,PHI,18,13,13,9,0,0,1,1,0,100%,1,0,3,0,0%,8,0.275,0,0,13,6,0,7,2,11,5,1,6,2,4.2,22,ortizlu02
527,Luis Ortiz,24,PIT,57,12,1,0,0,0,0,0,0,,0,0,0,0,,3,0.883,0,0,1,0,0,1,0,1,1,0,1,0,15,91,ortizlu03
528,Adam Ottavino,37,NYM,50,54,54,26,0,4,9,7,2,78%,22,12,12,2,17%,8,1.295,19,13,22,32,9,13,9,45,3,12,4,12,2.8,15,ottavad01
529,Glenn Otto,27,TEX,8.1,4,4,1,0,0,0,0,0,,1,1,0,0,,9,0.396,0,1,3,1,0,3,0,4,3,0,3,0,6.3,38,ottogl01
530,Chris Owings,31,PIT,1,1,1,1,0,0,0,0,0,,0,0,0,0,,8,0,0,0,1,0,0,1,0,1,0,0,0,0,3,9,owingch01
531,Nicholas Padilla,26,CHW,4.2,3,3,0,0,1,0,0,0,,0,0,1,1,100%,7,0.462,1,1,1,0,1,2,1,2,2,0,2,0,4.7,33,padilni01
532,Emilio Pagán,32,MIN,54.2,52,52,12,5,1,4,0,4,0%,13,8,22,8,36%,7,0.917,11,20,21,20,5,27,16,36,13,11,13,6,3.2,16,paganem01
533,Daniel Palencia,23,CHC,14.2,15,15,4,4,0,0,0,0,,0,0,4,1,25%,7,1.069,3,3,9,5,4,6,4,11,2,3,2,1,2.9,17,palenda01
534,Andre Pallante,24,STL,51.2,46,46,7,3,1,5,0,5,0%,16,11,29,10,34%,6,1.198,18,13,15,20,6,20,18,28,15,8,21,11,3.4,19,pallaan01
535,Thomas Pannone*,29,MIL,2.2,1,1,0,0,0,0,0,0,,1,1,0,0,,6,1.496,0,1,0,1,0,0,0,1,1,0,1,0,8,59,pannoth01
536,Luis Patiño,23,TBR,4,2,2,1,0,0,0,0,0,,0,0,0,0,,8,0.314,0,0,2,1,0,1,0,2,2,0,2,0,6,39,patinlu01
537,Spencer Patton,35,OAK,7.2,6,6,1,0,0,0,0,0,,2,2,3,1,33%,6,0.617,0,4,2,3,1,2,2,4,2,3,2,1,3.8,17,pattosp01
538,Joel Payamps,29,MIL,58.1,56,56,9,4,3,4,3,1,75%,27,22,13,1,8%,8,1.406,32,15,9,31,19,6,9,47,6,5,6,9,3.1,16,payamjo01
539,Nate Pearson,26,TOR,40,33,33,6,5,2,3,1,2,33%,6,3,11,1,9%,7,0.86,5,11,17,13,2,18,6,27,13,4,14,5,3.6,21,pearsna01
540,Elvis Peguero,26,MIL,51.2,50,50,6,4,4,6,1,5,17%,23,17,16,2,13%,7,1.368,22,16,12,28,12,10,15,35,9,10,10,14,3.1,16,pegueel01
541,Ryan Pepiot,25,LAD,9,2,2,0,1,0,0,0,0,,0,0,0,0,,5,0.654,0,1,1,1,1,0,0,2,2,0,2,0,13.5,76,pepiory01
542,Sammy Peralta*,25,CHW,5.1,6,6,4,2,0,0,0,0,,0,0,2,2,100%,8,1.514,2,0,4,0,1,5,2,4,0,2,0,0,2.7,18,peralsa01
543,Wandy Peralta*,31,NYY,46.1,53,53,11,3,2,6,4,2,67%,20,14,21,1,5%,8,1.387,22,16,15,26,13,14,17,36,7,19,12,11,2.6,14,peralwa01
544,Angel Perdomo*,29,PIT,29,30,30,8,3,2,0,0,0,,6,6,9,1,11%,7,1.046,7,12,11,6,6,18,10,20,7,11,10,3,2.9,16,perdoan01
545,Carlos Pérez,32,OAK,1.2,2,2,2,0,0,0,0,0,,0,0,3,3,100%,9,0,0,0,2,0,0,2,1,1,0,1,0,0,2.5,21,perezca02
546,Cionel Pérez*,27,BAL,43,49,49,9,4,1,2,1,1,50%,11,9,29,10,34%,7,1.015,15,14,20,20,11,18,20,29,10,21,13,7,2.6,14,perezci01
547,Francisco Pérez*,25,OAK,6.1,5,4,1,0,0,1,0,1,0%,1,0,5,4,80%,8,1.353,1,2,1,1,1,2,3,1,3,1,3,0,4,24,perezfr01
548,Hector Perez,27,TBR,0.1,1,1,0,0,0,0,0,0,,0,0,0,0,,7,0.576,0,0,1,1,0,0,0,1,0,1,0,0,1,17,perezhe02
549,Martín Pérez*,32,TEX,115.1,23,3,3,0,0,0,0,0,,0,0,0,0,,9,0.935,0,0,3,2,0,1,0,3,2,0,2,0,7,33,perezma02
550,David Peterson*,27,NYM,77.1,21,6,0,1,0,0,0,0,,1,1,2,0,0%,6,0.973,0,3,3,2,0,4,2,4,3,1,4,1,4,20,peterda01
551,Jace Peterson,33,OAK,2,2,2,2,0,0,0,0,0,,0,0,0,0,,8,0,0,0,2,0,0,2,0,2,0,0,0,0,3,22,peterja01
552,Brett Phillips,29,LAA,0.1,1,1,1,0,0,0,0,0,,0,0,3,2,67%,9,0,0,0,1,0,0,1,1,0,0,1,0,0,1,7,phillbr02
553,Evan Phillips,28,LAD,48,49,49,28,1,3,21,19,2,90%,27,6,19,2,11%,9,1.537,26,9,14,35,7,7,11,38,6,6,6,13,2.9,14,phillev01
554,Konnor Pilkington*,25,CLE,2,1,1,1,0,0,0,0,0,,0,0,0,0,,8,0.09,0,0,1,0,0,1,0,1,1,0,1,0,6,40,pilkiko01
555,Riley Pint,25,COL,0.1,1,1,0,0,0,0,0,0,,0,0,0,0,,9,0.194,0,0,1,1,0,0,0,1,0,1,0,0,1,20,pintri01
556,René Pinto,26,TBR,1,1,1,0,0,0,0,0,0,,0,0,0,0,,7,0,0,0,1,0,0,1,0,1,0,0,0,0,3,26,pintore02
557,Nick Pivetta,30,BOS,107.1,31,20,2,5,2,0,0,0,,2,2,3,0,0%,7,0.912,6,8,6,7,6,7,4,16,11,5,11,2,7.6,42,pivetni01
558,Colin Poche*,29,TBR,46.1,51,51,4,9,3,6,1,5,17%,22,15,23,13,57%,7,1.371,26,11,14,29,13,9,12,39,1,11,1,8,2.7,14,pocheco01
559,Zach Pop,26,TOR,13.2,15,15,2,1,1,0,0,0,,1,1,11,3,27%,8,0.78,4,2,9,3,3,9,10,5,4,7,5,4,2.7,13,popza01
560,Ryan Pressly,34,HOU,55.1,55,55,46,3,3,32,28,4,88%,32,0,3,1,33%,9,1.777,31,9,15,43,8,4,1,54,1,1,1,15,3,15,pressry01
561,Austin Pruitt,33,OAK,48.1,38,32,8,2,4,1,0,1,0%,5,4,21,8,38%,7,1.064,12,6,14,8,5,19,13,19,12,10,14,6,3.6,18,pruitau01
562,A.J. Puk*,28,MIA,41.2,44,44,30,5,5,21,15,6,71%,22,0,10,2,20%,9,1.849,27,3,14,28,7,9,7,37,3,9,3,13,2.8,16,pukaj01
563,Johan Quezada,28,MIA,0.2,1,1,0,0,0,0,0,0,,0,0,0,0,,8,0.375,0,0,1,0,0,1,0,1,0,1,0,0,2,32,quezajo01
564,José Quijada*,27,LAA,9,10,10,4,0,1,5,4,1,80%,10,5,0,0,,9,2.022,5,5,0,10,0,0,0,10,0,2,0,3,2.7,16,quijajo01
565,Cole Ragans*,25,TOT,59,23,17,1,2,3,0,0,0,,3,3,9,3,33%,,1.014,4,5,8,10,2,5,9,8,8,5,10,0,4.3,24,raganco01
566,Cole Ragans*,25,TEX,24.1,17,17,1,2,3,0,0,0,,3,3,9,3,33%,8,0.948,4,5,8,10,2,5,9,8,8,5,10,0,4.3,24,raganco01
567,Brooks Raley*,35,NYM,42.2,52,52,8,0,2,6,3,3,50%,27,21,22,9,41%,7,1.302,22,16,14,33,6,13,15,37,3,22,9,12,2.5,15,raleybr01
568,Luke Raley,28,TBR,2.2,2,2,1,0,0,0,0,0,,0,0,0,0,,9,0.001,0,0,2,1,0,1,0,2,1,0,1,0,4,21,raleylu01
569,Erasmo Ramírez,33,TOT,45.1,30,28,6,2,3,2,0,2,0%,4,2,16,9,56%,,0.902,3,13,12,10,2,16,8,20,10,4,12,1,4.2,22,ramirer02
570,Erasmo Ramírez,33,WSN,27,23,23,5,2,3,1,0,1,0%,3,2,16,9,56%,7,0.996,3,11,9,8,1,14,8,15,6,4,8,1,3.5,18,ramirer02
571,Erasmo Ramírez,33,TBR,18.1,7,5,1,0,0,1,0,1,0%,1,0,0,0,,8,0.758,0,2,3,2,1,2,0,5,4,0,4,0,7.2,39,ramirer02
572,Nick Ramirez*,33,NYY,33.2,26,26,10,0,2,1,0,1,0%,3,2,16,10,63%,6,0.516,4,7,15,7,2,17,10,16,13,7,15,2,3.9,21,ramirni01
573,Yohan Ramirez,28,PIT,34.1,26,26,9,1,0,1,0,1,0%,4,3,17,5,29%,8,0.462,4,3,19,9,0,17,10,16,12,5,12,5,4,23,ramiryo01
574,Lane Ramsey,26,CHW,9.1,8,8,4,1,0,0,0,0,,1,1,0,0,,8,0.799,0,4,4,1,1,6,0,8,2,0,2,2,3.5,16,ramsela02
575,Colin Rea,32,MIL,100.1,20,1,0,0,0,0,0,0,,0,0,1,1,100%,6,0.889,0,0,1,0,0,1,1,0,0,1,0,0,2,27,reaco01
576,Jake Reed,30,LAD,0.2,1,1,0,0,0,0,0,0,,0,0,1,0,0%,4,0.115,0,0,1,0,0,1,1,0,0,1,1,0,2,29,reedja02
577,Sean Reid-Foley,27,NYM,1,1,1,1,0,0,0,0,0,,0,0,0,0,,8,0,0,0,1,0,0,1,0,1,0,0,0,0,3,14,reidfse01
578,Denyi Reyes,26,NYM,12,7,5,1,0,0,0,0,0,,1,1,3,0,0%,6,0.896,1,1,3,2,0,3,3,2,3,1,3,0,3.8,19,reyesde02
579,Gerardo Reyes,30,LAA,6.2,5,5,0,0,0,0,0,0,,0,0,0,0,,7,0.546,0,1,4,1,0,4,0,5,2,0,2,0,4,30,reyesge01
580,Pablo Reyes,29,BOS,2,2,2,2,0,0,0,0,0,,0,0,0,0,,9,0.001,0,0,2,0,0,2,0,2,0,0,0,0,3,22,reyespa01
581,Trevor Richards,30,TOR,56.1,42,39,4,1,0,2,0,2,0%,11,9,13,1,8%,6,0.96,12,7,20,18,5,16,10,29,16,8,18,7,3.6,22,richatr01
582,Yacksel Ríos,30,OAK,1.2,3,3,2,0,0,0,0,0,,0,0,2,2,100%,8,0.235,0,0,3,0,0,3,1,2,0,2,0,0,1.7,21,riosya01
583,David Robertson,38,TOT,53,49,49,34,4,4,23,18,5,78%,31,7,11,3,27%,,2.117,32,7,10,37,8,4,10,39,8,2,8,11,3.2,17,roberda08
584,David Robertson,38,NYM,44,40,40,26,4,2,17,14,3,82%,25,7,11,3,27%,9,2.237,26,6,8,29,7,4,9,31,8,2,8,8,3.3,17,roberda08
585,David Robertson,38,MIA,9,9,9,8,0,2,6,4,2,67%,6,0,0,0,,9,1.628,6,1,2,8,1,0,1,8,0,0,0,3,3,18,roberda08
586,Nick Robertson,24,TOT,14.1,11,11,3,0,1,1,0,1,0%,2,1,4,4,100%,,0.437,2,3,6,3,2,6,3,8,4,1,4,1,3.9,24,roberni01
587,Nick Robertson,24,LAD,10.1,9,9,2,0,1,1,0,1,0%,2,1,4,4,100%,7,0.559,2,3,4,3,2,4,3,6,3,1,3,1,3.4,22,roberni01
588,Nick Robertson,24,BOS,4,2,2,1,0,0,0,0,0,,0,0,0,0,,8,0.098,0,0,2,0,0,2,0,2,1,0,1,0,6,35,roberni01
589,Dereck Rodríguez,31,TOT,3.1,3,3,3,0,0,0,0,0,,0,0,1,0,0%,,0.107,0,0,3,1,0,2,1,2,1,2,1,0,3.3,14,rodride01
590,Dereck Rodríguez,31,MIN,0.2,1,1,1,0,0,0,0,0,,0,0,0,0,,9,0.19,0,0,1,0,0,1,0,1,0,1,0,0,2,10,rodride01
591,Dereck Rodríguez,31,ATL,2.2,2,2,2,0,0,0,0,0,,0,0,1,0,0%,9,0.074,0,0,2,1,0,1,1,1,1,1,1,0,4,17,rodride01
592,Elvin Rodriguez,25,TBR,3.1,1,1,1,0,0,0,0,0,,0,0,1,0,0%,6,0.655,0,1,0,0,0,1,1,0,1,0,1,0,10,47,rodriel02
593,Joely Rodríguez*,31,BOS,11,11,11,1,0,0,0,0,0,,0,0,4,0,0%,7,0.453,1,1,9,3,1,7,2,9,1,2,2,1,3,20,rodrijo06
594,José Rodríguez,27,SEA,3,1,1,1,0,0,0,0,0,,0,0,0,0,,6,0.171,0,0,1,0,0,1,0,1,1,0,1,0,9,48,rodrijo07
595,Yerry Rodríguez,25,TEX,13.2,13,12,8,0,0,1,0,1,0%,1,0,2,2,100%,9,0.346,1,0,11,5,0,7,1,11,2,3,2,3,2.9,20,rodriye01
596,Taylor Rogers*,32,SFG,43.1,49,49,9,6,4,1,1,0,100%,11,10,16,3,19%,8,1.304,17,15,17,16,13,20,14,35,4,16,6,9,2.7,14,rogerta01
597,Tyler Rogers,32,SFG,61,55,55,8,4,5,8,2,6,25%,34,26,8,2,25%,8,1.64,30,19,6,37,12,6,6,49,12,10,13,14,3.3,16,rogerty01
598,Josh Rojas,29,ARI,2,2,2,2,0,0,0,0,0,,0,0,0,0,,9,0,0,0,2,0,0,2,0,2,0,0,0,0,3,18,rojasjo01
599,Miguel Rojas,34,LAD,2,2,2,2,0,0,0,0,0,,0,0,0,0,,9,0,0,0,2,0,0,2,0,2,0,0,0,0,3,13,rojasmi02
600,Jordan Romano,30,TOR,45,47,47,40,4,5,34,31,3,91%,36,2,10,2,20%,9,2.427,30,14,3,38,9,0,10,37,3,6,4,9,2.9,14,romanjo03
601,JoJo Romero*,26,STL,33,25,25,12,3,1,5,3,2,60%,9,3,23,8,35%,7,1.292,9,7,9,15,3,7,12,13,14,1,17,3,4,20,romerjo01
602,Kenny Rosenberg*,27,LAA,7,2,2,1,0,0,0,0,0,,0,0,0,0,,8,0.118,0,0,2,0,0,2,0,2,2,0,2,0,10.5,64,rosenke01
603,Michael Rucker,29,CHC,40.1,35,35,12,2,1,0,0,0,,0,0,24,6,25%,9,0.343,4,2,29,9,3,23,14,21,12,9,13,4,3.5,21,ruckemi01
604,José Ruiz,28,TOT,44.1,38,37,14,2,1,2,0,2,0%,3,1,17,8,47%,,0.662,7,4,26,10,5,22,11,26,14,5,17,5,3.5,21,ruizjo01
605,José Ruiz,28,CHW,3.2,4,4,1,0,0,0,0,0,,0,0,3,2,67%,9,0.445,1,0,3,0,1,3,2,2,1,2,2,1,2.8,29,ruizjo01
606,José Ruiz,28,ARI,40.2,34,33,13,2,1,2,0,2,0%,3,1,14,6,43%,8,0.692,6,4,23,10,4,19,9,24,13,3,15,4,3.5,21,ruizjo01
607,Ryder Ryan,28,SEA,1,1,1,0,0,0,0,0,0,,0,0,0,0,,8,0.023,0,0,1,1,0,0,0,1,0,0,0,0,3,13,ryanry01
608,Eduardo Salazar,25,CIN,12.1,8,8,3,1,0,0,0,0,,0,0,0,0,,9,0.151,0,0,8,3,0,5,0,8,4,1,4,0,4.6,30,salazed01
609,Nick Sandlin,26,CLE,48.1,48,48,5,5,5,1,0,1,0%,8,7,35,4,11%,6,1.169,15,15,18,17,11,20,21,27,13,13,20,5,3,17,sandlni01
610,Cole Sands,25,MIN,15.2,12,12,10,0,0,0,0,0,,0,0,8,1,13%,8,0.086,0,0,12,4,0,8,3,9,6,3,6,0,3.9,26,sandsco01
611,Reiver Sanmartin*,27,CIN,14,14,14,3,1,0,0,0,0,,1,1,11,3,27%,7,0.547,3,2,9,2,1,11,6,8,6,5,6,1,3,22,sanmare01
612,Dennis Santana,27,NYM,10.2,9,9,4,1,0,0,0,0,,2,2,1,0,0%,8,0.255,0,2,7,5,0,4,1,8,2,2,2,2,3.6,25,santade01
613,Tony Santillan,26,CIN,3.1,3,3,1,1,0,0,0,0,,0,0,2,2,100%,9,1.585,2,0,1,0,2,1,1,2,1,0,1,1,3.3,20,santito01
614,Gregory Santos,23,CHW,59.2,53,53,13,2,1,7,4,3,57%,12,5,34,11,32%,8,1.196,18,20,15,15,8,30,23,30,18,9,21,11,3.4,18,santogr01
615,Tayler Saucedo*,30,SEA,38.2,40,40,15,3,1,1,1,0,100%,3,2,13,6,46%,9,0.808,8,2,30,14,4,22,11,29,6,12,7,5,2.9,16,sauceta01
616,Josh Sborz,29,TEX,46,39,39,7,5,6,4,0,4,0%,18,14,26,6,23%,7,1.272,21,8,10,26,6,7,15,24,15,6,19,5,3.5,19,sborzjo01
617,Clarke Schmidt,27,NYY,123,26,1,1,0,0,0,0,0,,0,0,2,0,0%,9,0.991,0,0,1,0,0,1,1,0,0,1,0,0,2,9,schmicl01
618,Jesse Scholtens,29,CHW,65,21,14,8,1,3,1,1,0,100%,2,1,4,0,0%,6,0.898,4,3,7,3,3,8,5,9,7,3,7,1,6.3,31,scholje01
619,Jonathan Schoop,31,DET,1.1,1,1,1,0,0,0,0,0,,0,0,2,0,0%,7,0,0,0,1,0,0,1,1,0,1,0,1,0,4,17,schoojo01
620,John Schreiber,29,BOS,29,30,28,2,2,1,1,0,1,0%,12,10,9,4,44%,7,1.206,9,11,8,16,3,9,6,22,2,6,3,9,2.9,16,schrejo01
621,Tanner Scott*,28,MIA,58,57,57,11,6,4,4,2,2,50%,28,24,13,3,23%,8,1.715,34,11,12,34,15,8,12,45,8,7,11,16,3.1,16,scottta01
622,Tayler Scott,31,TOT,17.2,18,16,3,0,0,2,0,2,0%,2,0,9,6,67%,,0.782,3,3,10,7,0,9,6,10,4,7,5,3,2.9,20,scottta02
623,Tayler Scott,31,TOT,11.2,12,10,2,0,0,1,0,1,0%,1,0,7,4,57%,,0.687,2,1,7,4,0,6,5,5,2,3,3,2,2.9,20,scottta02
624,Tayler Scott,31,LAD,6,6,6,1,0,0,1,0,1,0%,1,0,2,2,100%,8,0.967,1,2,3,3,0,3,1,5,2,4,2,1,3,19,scottta02
625,Tayler Scott,31,BOS,3.2,4,3,1,0,0,0,0,0,,0,0,0,0,,9,0.335,0,0,3,1,0,2,0,3,0,1,0,1,2.7,21,scottta02
626,Tayler Scott,31,OAK,8,8,7,1,0,0,1,0,1,0%,1,0,7,4,57%,8,0.872,2,1,4,3,0,4,5,2,2,2,3,1,3,20,scottta02
627,Connor Seabold,27,COL,82.1,25,12,6,0,0,0,0,0,,0,0,8,3,38%,9,0.736,0,1,11,0,1,11,4,8,9,2,9,1,5.8,36,seaboco01
628,Colin Selby,25,PIT,8.2,7,7,2,1,0,0,0,0,,0,0,4,2,50%,6,0.852,3,1,3,0,3,4,4,3,3,1,4,0,3.7,22,selbyco01
629,Luis Severino,29,NYY,74.1,16,1,0,0,1,0,0,0,,0,0,0,0,,2,0.827,0,1,0,0,1,0,0,1,1,0,1,0,6,48,severlu01
630,Paul Sewald,33,TOT,52,55,55,39,3,2,32,28,4,88%,32,0,6,2,33%,,1.771,29,15,11,39,11,5,5,50,1,6,1,15,2.8,16,sewalpa01
631,Paul Sewald,33,SEA,43,45,45,31,3,1,24,21,3,88%,24,0,6,2,33%,9,1.551,23,12,10,31,10,4,4,41,1,5,1,11,2.9,15,sewalpa01
632,Paul Sewald,33,ARI,9,10,10,8,0,1,8,7,1,88%,8,0,0,0,,9,2.636,6,3,1,8,1,1,1,9,0,1,0,4,2.7,19,sewalpa01
633,Bryan Shaw,35,CHW,22.1,17,17,7,0,0,1,1,0,100%,2,1,12,5,42%,8,0.597,5,1,11,6,2,9,8,9,8,4,9,4,3.9,23,shawbr01
634,Emmet Sheehan,23,LAD,38.1,8,1,1,0,0,1,1,0,100%,1,0,0,0,,6,0.925,0,1,0,1,0,0,0,1,1,0,1,0,12,56,sheehem01
635,Ryan Sherriff*,33,BOS,6.2,5,5,1,0,0,0,0,0,,1,1,4,0,0%,5,0.969,1,1,3,2,1,2,2,3,2,1,3,2,4,21,sherrry01
636,Zack Short,28,DET,5,5,5,5,0,0,0,0,0,,0,0,0,0,,9,0,0,0,5,0,0,5,0,5,0,0,0,0,3,14,shortza01
637,Chasen Shreve*,32,DET,41.1,47,47,10,1,2,5,0,5,0%,17,12,14,6,43%,7,0.982,10,12,25,22,3,22,10,37,5,16,7,5,2.6,15,shrevch01
638,Chase Silseth,23,LAA,45,14,8,3,1,0,1,0,1,0%,2,1,0,0,,7,0.86,2,2,4,3,1,4,0,8,6,0,7,0,5.8,35,silsech01
639,Lucas Sims,29,CIN,47.2,52,52,3,4,3,6,2,4,33%,27,20,41,8,20%,8,1.82,33,14,5,32,13,7,26,26,8,16,12,6,2.8,16,simslu01
640,Ethan Small*,26,MIL,3,1,1,0,0,0,0,0,0,,0,0,0,0,,6,0.005,0,0,1,0,0,1,0,1,1,0,1,0,9,69,smallet01
641,Devin Smeltzer*,27,MIA,18.2,8,7,4,0,1,0,0,0,,0,0,2,2,100%,8,0.415,1,0,6,0,1,6,2,5,4,0,4,1,6.3,33,smeltde01
642,Chad Smith,28,OAK,13.2,10,10,5,1,2,0,0,0,,1,0,5,2,40%,8,0.6,3,2,5,1,3,6,4,6,6,2,7,1,4.1,25,smithch12
643,Drew Smith,29,NYM,43.2,48,49,11,4,4,4,2,2,50%,16,11,20,5,25%,8,1.081,18,14,17,23,5,21,16,33,4,12,6,8,2.7,17,smithdr01
644,Will Smith*,33,TEX,46.1,48,48,39,1,5,26,22,4,85%,31,5,21,2,10%,9,1.715,24,11,13,41,5,2,14,34,8,11,10,6,2.9,14,smithwi04
645,AJ Smith-Shawver,20,ATL,21.2,5,1,0,0,0,0,0,0,,0,0,0,0,,6,0.975,0,0,1,0,0,1,0,1,1,0,1,0,7,39,smithaj01
646,Drew Smyly*,34,CHC,124.1,27,5,2,2,0,0,0,0,,0,0,0,0,,9,0.843,0,3,2,0,1,4,0,5,2,0,2,0,6.6,35,smylydr01
647,Kirby Snead*,28,OAK,9.1,11,11,2,1,1,2,0,2,0%,7,5,8,4,50%,8,1.579,6,2,3,7,1,3,5,6,1,4,1,4,2.5,13,sneadki01
648,Collin Snider,27,KCR,4.2,5,5,1,0,0,0,0,0,,0,0,1,1,100%,6,0.465,0,2,3,1,0,4,1,4,0,1,0,1,2.8,18,snideco01
649,Peter Solomon,26,ARI,13.1,5,5,2,0,0,0,0,0,,0,0,0,0,,4,0.157,0,0,5,1,0,4,0,5,5,0,5,0,8,47,solompe01
650,George Soriano,24,MIA,37,16,15,3,0,0,1,1,0,100%,1,0,7,1,14%,7,0.504,0,4,11,2,1,12,6,9,11,1,11,2,6.8,36,soriage01
651,José Soriano,24,LAA,30,26,26,3,0,0,0,0,0,,12,12,6,1,17%,6,1.108,3,18,5,14,3,9,3,23,7,4,7,1,3.5,19,soriajo02
652,Michael Soroka,25,ATL,29.1,6,1,0,0,0,0,0,0,,0,0,0,0,,5,0.839,0,0,1,0,0,1,0,1,1,0,1,0,9,30,sorokmi01
653,Gregory Soto*,28,PHI,47.2,54,54,11,3,4,4,2,2,50%,20,16,22,4,18%,8,1.333,25,10,19,26,10,18,13,41,2,15,3,10,2.6,14,sotogr01
654,Bennett Sousa*,28,MIL,2.2,2,2,2,0,0,0,0,0,,0,0,1,0,0%,9,0.02,0,0,2,2,0,0,1,1,1,0,1,0,4,28,sousabe01
655,Alex Speas,25,TEX,2,3,3,1,0,2,1,0,1,0%,2,1,1,0,0%,7,2.468,3,0,0,2,1,0,1,2,1,2,1,0,2,22,speasal01
656,Gabe Speier*,28,SEA,43.1,54,54,8,2,1,1,1,0,100%,14,13,24,5,21%,7,1.114,11,21,22,22,9,23,16,38,4,25,5,14,2.4,11,speiega01
657,Jacob Stallings,33,MIA,4,4,4,4,0,0,0,0,0,,0,0,0,0,,9,0.001,0,0,4,1,0,3,0,4,0,0,0,0,3,11,stallja01
658,Ryne Stanek,31,HOU,44.2,48,48,12,3,1,1,0,1,0%,4,3,18,4,22%,7,0.805,13,6,29,18,7,23,11,37,4,9,4,8,2.8,16,stanery01
659,Josh Staumont,29,KCR,20,21,20,5,0,0,0,0,0,,1,1,5,3,60%,7,0.365,0,3,17,3,0,17,3,17,1,3,2,4,2.9,17,staumjo01
660,Trevor Stephan,27,CLE,54.1,56,56,9,5,4,8,2,6,25%,30,20,14,5,36%,8,1.754,30,16,10,39,13,4,14,42,4,7,5,9,2.9,16,stephtr01
661,Robert Stephenson,30,TOT,39.2,46,46,13,2,4,3,0,3,0%,11,8,22,5,23%,,1.191,18,9,19,20,9,17,13,33,0,14,0,10,2.6,13,stephro01
662,Robert Stephenson,30,PIT,14,18,18,5,0,3,1,0,1,0%,7,6,13,3,23%,7,1.621,9,3,6,9,3,6,7,11,0,9,0,5,2.3,13,stephro01
663,Robert Stephenson,30,TBR,25.2,28,28,8,2,1,2,0,2,0%,4,2,9,2,22%,7,0.917,9,6,13,11,6,11,6,22,0,5,0,5,2.8,13,stephro01
664,Brock Stewart,31,MIN,25.2,25,25,4,2,0,3,1,2,33%,10,7,19,6,32%,8,1.758,10,6,9,16,5,4,11,14,5,5,6,5,3.1,16,stewabr01
665,Gavin Stone,24,LAD,12,4,1,0,0,0,1,0,1,0%,1,0,0,0,,5,1.187,0,1,0,1,0,0,0,1,1,0,1,0,6,50,stonega01
666,Levi Stoudt,25,CIN,10.1,4,2,0,0,0,0,0,0,,0,0,1,0,0%,9,0.835,0,1,1,1,1,0,1,1,1,1,1,0,5,35,stoudle01
667,Matt Strahm*,31,PHI,75.1,42,33,4,6,0,3,1,2,33%,8,5,18,7,39%,7,1.003,11,11,11,11,6,16,13,20,14,4,15,4,3.9,20,strahma01
668,Chris Stratton,32,TOT,69.1,51,51,23,1,1,2,1,1,50%,8,6,34,7,21%,,0.868,14,9,28,18,9,24,21,30,30,7,31,7,4.1,21,stratch01
669,Chris Stratton,32,STL,53.2,42,42,19,1,1,2,1,1,50%,6,4,27,7,26%,8,0.919,12,8,22,12,9,21,16,26,22,6,23,7,3.8,21,stratch01
670,Chris Stratton,32,TEX,15.2,9,9,4,0,0,0,0,0,,2,2,7,0,0%,8,0.658,2,1,6,6,0,3,5,4,8,1,8,0,5.2,22,stratch01
671,Ross Stripling,33,SFG,78.1,19,8,2,0,1,0,0,0,,0,0,0,0,,2,0.788,0,3,5,2,2,4,0,8,8,0,8,0,10.9,60,stripro01
672,Peter Strzelecki,28,TOT,37,37,37,5,3,5,1,0,1,0%,15,14,5,1,20%,,1.318,14,12,11,21,9,7,5,32,6,6,8,7,3,18,strzepe01
673,Peter Strzelecki,28,MIL,35.2,36,36,5,3,5,1,0,1,0%,15,14,5,1,20%,8,1.374,14,12,10,20,9,7,5,31,5,6,7,7,3,17,strzepe01
674,Peter Strzelecki,28,ARI,1.1,1,1,0,0,0,0,0,0,,0,0,0,0,,7,0.081,0,0,1,1,0,0,0,1,1,0,1,0,4,34,strzepe01
675,Andrew Suárez*,30,STL,13,5,5,1,0,0,0,0,0,,0,0,0,0,,6,0.185,0,0,5,1,0,4,0,5,4,0,5,2,7.8,50,suarean01
676,Robert Suarez,32,SDP,13.1,13,14,2,2,2,1,0,1,0%,6,4,3,0,0%,8,1.716,7,2,5,8,3,3,3,11,1,2,1,3,2.9,16,suarero01
677,Wander Suero,31,LAD,6.2,4,4,3,0,0,0,0,0,,0,0,1,1,100%,8,0.127,0,0,4,1,0,3,1,3,3,0,3,0,5,30,suerowa01
678,Cole Sulser,33,ARI,5.1,4,4,1,0,0,0,0,0,,0,0,2,1,50%,6,0.42,0,2,2,0,0,4,1,3,2,0,3,0,4,21,sulseco01
679,Brent Suter*,33,COL,58,46,46,10,4,2,2,0,2,0%,9,6,22,8,36%,7,1.056,13,15,18,17,9,20,14,32,21,7,22,4,3.8,20,suterbr01
680,Erik Swanson,29,TOR,56.2,58,58,10,3,2,5,4,1,80%,32,27,25,7,28%,8,1.688,27,15,16,38,11,9,13,45,6,7,9,14,2.9,15,swanser01
681,Devin Sweet,26,SEA,2,2,2,2,0,0,0,0,0,,0,0,0,0,,9,0.341,0,0,2,0,0,2,0,2,0,0,0,0,3,19,sweetde01
682,Domingo Tapia,31,SDP,17.2,15,15,6,0,1,1,1,0,100%,2,1,3,0,0%,8,0.461,3,2,10,5,1,9,2,13,4,2,5,2,3.5,21,tapiado01
683,Freddy Tarnok,24,OAK,14.2,5,4,1,1,1,0,0,0,,0,0,1,0,0%,7,0.907,1,2,1,0,1,3,1,3,4,0,4,0,9,60,tarnofr01
684,Josh Taylor*,30,KCR,17.2,17,16,4,1,2,2,0,2,0%,2,0,4,3,75%,8,0.761,2,3,11,2,2,12,3,13,3,3,4,2,3.1,20,taylojo02
685,Ryan Tepera,35,TOT,10.2,12,12,2,2,2,2,0,2,0%,6,4,8,3,38%,,1.39,7,3,2,7,2,3,6,6,2,6,3,1,2.7,19,teperry01
686,Ryan Tepera,35,LAA,8.2,10,10,2,2,2,2,0,2,0%,4,2,7,3,43%,8,1.473,6,2,2,5,2,3,5,5,1,5,2,1,2.6,19,teperry01
687,Ryan Tepera,35,STL,2,2,2,0,0,0,0,0,0,,2,2,1,0,0%,7,1.041,1,1,0,2,0,0,1,1,1,1,1,0,3,19,teperry01
688,Juan Then,23,SEA,11,9,9,4,0,0,0,0,0,,0,0,8,0,0%,7,0.238,0,1,8,2,0,7,5,4,5,1,5,2,3.7,19,thenju01
689,Caleb Thielbar*,36,MIN,18.2,21,21,4,2,1,1,0,1,0%,12,10,7,3,43%,8,1.549,8,10,3,13,5,3,5,16,3,6,5,3,2.7,14,thielca01
690,Lane Thomas,27,WSN,1,1,1,1,0,0,0,0,0,,0,0,0,0,,9,0,0,0,1,0,0,1,0,1,0,0,0,0,3,21,thomala02
691,Keegan Thompson,28,CHC,21.1,15,15,3,2,2,0,0,0,,4,3,2,0,0%,7,1.255,5,3,7,8,3,4,2,13,7,3,7,0,4.3,23,thompke02
692,Mason Thompson,25,WSN,49,44,44,3,4,4,4,1,3,25%,14,10,18,3,17%,7,1.12,19,9,16,19,7,18,11,33,13,16,14,3,3.3,18,thompma02
693,Ryan Thompson,31,TBR,17.2,18,18,3,1,2,2,0,2,0%,6,4,7,0,0%,8,1.2,6,3,9,15,2,1,5,13,2,3,2,5,2.9,16,thompry02
694,Zack Thompson*,25,STL,35,19,16,1,2,3,1,0,1,0%,2,1,12,2,17%,6,0.926,5,5,6,5,3,8,6,10,7,5,11,1,3.9,24,thompza02
695,Trent Thornton,29,TOT,16,14,14,2,0,1,1,0,1,0%,4,3,3,2,67%,,0.736,5,2,7,8,2,4,3,11,4,2,4,2,3.4,16,thorntr01
696,Trent Thornton,29,TOR,5.1,4,4,0,0,0,0,0,0,,0,0,0,0,,8,0.212,0,0,4,2,0,2,0,4,2,0,2,0,4,20,thorntr01
697,Trent Thornton,29,SEA,10.2,10,10,2,0,1,1,0,1,0%,4,3,3,2,67%,7,1.004,5,2,3,6,2,2,3,7,2,2,2,2,3.2,15,thorntr01
698,Michael Tonkin,33,ATL,64,33,33,8,5,2,3,1,2,33%,4,1,28,8,29%,6,0.82,8,6,19,15,2,16,17,16,25,0,25,0,5.8,29,tonkimi01
699,Justin Topa,32,SEA,51.1,57,57,9,3,4,3,2,1,67%,24,20,8,0,0%,8,1.521,21,18,18,33,13,11,12,45,3,12,7,17,2.7,14,topaju01
700,Touki Toussaint,27,TOT,54.1,13,4,2,0,0,0,0,0,,0,0,4,0,0%,,0.84,0,2,2,0,0,4,2,2,3,0,3,0,9.5,49,toussto01
701,Touki Toussaint,27,CHW,50.2,12,4,2,0,0,0,0,0,,0,0,4,0,0%,9,0.834,0,2,2,0,0,4,2,2,3,0,3,0,9.5,49,toussto01
702,Alan Trejo,27,COL,2,2,2,2,0,0,0,0,0,,0,0,0,0,,9,0,0,0,2,0,0,2,0,2,0,0,0,0,3,13,trejoal01
703,Edwin Uceta,25,NYM,3,1,1,1,0,0,0,0,0,,0,0,0,0,,6,0.065,0,0,1,0,0,1,0,1,1,0,1,0,9,51,ucetaed01
704,Erich Uelmen,27,PHI,1,1,1,0,0,0,0,0,0,,0,0,0,0,,5,0.576,0,0,1,0,0,1,0,1,0,0,0,0,3,33,uelmeer01
705,Duane Underwood Jr.,28,PIT,24.1,20,20,9,1,0,2,2,0,100%,6,3,8,5,63%,7,0.694,6,3,11,9,2,9,5,15,7,3,7,2,3.7,17,underdu01
706,Abner Uribe,23,MIL,17.2,17,17,5,0,0,2,1,1,50%,6,4,8,4,50%,7,0.928,6,2,9,8,0,9,6,11,3,3,3,2,3.1,15,uribeab01
707,José Urquidy,28,HOU,42.2,10,1,1,0,0,0,0,0,,0,0,0,0,,8,1.111,0,0,1,0,0,1,0,1,1,0,1,0,6,30,urquijo01
708,Chris Vallimont,26,BAL,0.2,1,1,1,0,0,0,0,0,,0,0,0,0,,8,0.03,0,0,1,0,0,1,0,1,0,1,0,0,2,11,vallich01
709,Carlos Vargas,23,ARI,4.2,5,5,3,0,0,0,0,0,,0,0,1,0,0%,9,0.096,0,0,5,1,0,4,1,4,0,1,1,0,2.8,16,vargaca01
710,Ildemaro Vargas,31,WSN,2,2,2,2,0,0,0,0,0,,0,0,0,0,,9,0,0,0,2,0,0,2,0,2,0,0,0,0,3,14,vargail01
711,Gus Varland,26,TOT,13.2,11,11,2,1,0,0,0,0,,2,1,3,0,0%,,0.204,1,1,9,4,0,7,2,9,6,3,6,1,3.7,26,varlagu01
712,Gus Varland,26,MIL,8.2,8,8,1,0,0,0,0,0,,1,1,1,0,0%,7,0.149,0,1,7,2,0,6,1,7,3,3,3,1,3.3,25,varlagu01
713,Gus Varland,26,LAD,5,3,3,1,1,0,0,0,0,,1,0,2,0,0%,8,0.344,1,0,2,2,0,1,1,2,3,0,3,0,5,28,varlagu01
714,Andrew Vasquez*,29,TOT,44.2,38,38,13,2,1,0,0,0,,2,2,15,6,40%,,0.615,4,5,29,10,3,25,12,26,14,9,17,5,3.5,20,vasquan02
715,Andrew Vasquez*,29,PHI,39.2,30,30,12,2,1,0,0,0,,0,0,10,4,40%,7,0.497,2,3,25,7,3,20,8,22,13,3,14,4,4,22,vasquan02
716,Andrew Vasquez*,29,DET,5,8,8,1,0,0,0,0,0,,2,2,5,2,40%,8,1.334,2,2,4,3,0,5,4,4,1,6,3,1,1.9,15,vasquan02
717,Randy Vásquez,24,NYY,22.1,5,1,0,1,0,0,0,0,,0,0,0,0,,3,0.885,0,1,0,1,0,0,0,1,1,0,1,0,11,58,vasqura02
718,Drew VerHagen,32,STL,49.1,48,48,13,4,0,0,0,0,,12,12,26,9,35%,7,0.847,14,8,26,19,6,23,16,32,10,16,15,5,3.1,18,verhadr01
719,Alex Vesia*,27,LAD,35.2,42,41,6,0,4,2,1,1,50%,9,7,12,4,33%,7,0.996,7,15,19,18,7,16,10,31,3,14,7,6,2.5,16,vesiaal01
720,Nick Vespi*,27,BAL,14.2,9,9,2,1,0,0,0,0,,0,0,1,0,0%,7,0.148,0,3,6,3,1,5,1,8,6,2,6,0,4.9,22,vespini01
721,Will Vest,28,DET,32.2,32,29,4,2,0,2,0,2,0%,9,7,14,7,50%,7,0.94,10,8,11,11,5,13,9,20,8,9,12,5,3.1,18,vestwi01
722,David Villar,26,SFG,1,1,1,1,0,0,0,0,0,,0,0,0,0,,9,0,0,0,1,0,0,1,0,1,0,0,0,0,3,8,villada01
723,Jason Vosler,29,CIN,2,2,2,2,0,0,0,0,0,,0,0,0,0,,9,0,0,0,2,0,0,2,0,2,0,0,0,0,3,13,vosleja01
724,Austin Voth,31,BAL,31,23,23,4,1,2,1,0,1,0%,6,4,7,5,71%,6,1.073,6,8,9,12,5,6,4,19,11,6,12,1,4,26,vothau01
725,Cole Waites,25,SFG,2.1,3,3,2,0,0,0,0,0,,0,0,0,0,,9,0.124,0,0,3,1,0,2,0,3,0,1,0,1,2.3,22,waiteco01
726,Ken Waldichuk*,25,OAK,110,29,11,2,1,3,1,1,0,100%,1,0,2,1,50%,7,1.103,3,4,4,3,5,3,2,9,10,0,10,0,7.6,49,waldike01
727,Josh Walker*,28,NYM,10,14,14,2,0,1,0,0,0,,2,1,8,2,25%,8,0.778,3,5,6,3,2,9,4,10,2,8,3,2,2.1,17,walkejo03
728,Ryan Walker,27,SFG,46.1,34,24,6,4,1,2,1,1,50%,3,1,12,5,42%,8,0.974,6,9,9,4,6,14,8,16,8,6,11,5,3.8,20,walkery01
729,Brandon Walter*,26,BOS,14.2,6,6,3,0,0,1,1,0,100%,1,0,1,1,100%,7,0.194,0,2,4,2,0,4,1,5,3,0,4,0,7.3,34,waltebr01
730,Andrew Wantz,27,LAA,23.2,15,15,3,1,0,2,0,2,0%,5,3,14,11,79%,7,0.932,6,4,5,7,0,8,7,8,11,2,12,0,4.7,26,wantzan01
731,Thaddeus Ward,26,WSN,30.1,22,22,7,0,0,0,0,0,,0,0,12,3,25%,8,0.311,2,1,19,1,0,21,6,16,11,4,12,1,4.1,27,wardth01
732,Austin Warren,27,LAA,1.2,2,2,1,1,0,0,0,0,,0,0,4,2,50%,9,1.103,1,1,0,0,0,2,2,0,1,1,1,1,2.5,12,warreau01
733,Ryan Weathers*,23,TOT,51.2,14,3,0,0,1,1,0,1,0%,2,1,0,0,,,0.93,1,1,1,2,0,1,0,3,1,0,1,0,5.7,42,weathry01
734,Ryan Weathers*,23,SDP,44.2,12,2,0,0,0,0,0,0,,1,1,0,0,,7,0.958,1,0,1,1,0,1,0,2,0,0,0,0,3,16,weathry01
735,Ryan Weathers*,23,MIA,7,2,1,0,0,1,1,0,1,0%,1,0,0,0,,5,0.789,0,1,0,1,0,0,0,1,1,0,1,0,11,95,weathry01
736,Luke Weaver,29,TOT,99,22,1,0,0,0,0,0,0,,0,0,0,0,,,0.927,0,0,1,0,0,1,0,1,1,0,1,0,6,26,weavelu01
737,Luke Weaver,29,SEA,2,1,1,0,0,0,0,0,0,,0,0,0,0,,7,0.257,0,0,1,0,0,1,0,1,1,0,1,0,6,26,weavelu01
738,Jacob Webb,29,TOT,40.1,38,38,6,1,1,2,1,1,50%,10,8,23,11,48%,,1.231,13,11,14,18,7,13,13,25,7,7,8,8,3.2,18,webbja01
739,Jacob Webb,29,LAA,31.2,29,29,4,1,1,2,1,1,50%,8,6,22,11,50%,6,1.309,11,8,10,14,5,10,11,18,6,5,7,5,3.3,19,webbja01
740,Jacob Webb,29,BAL,8.2,9,9,2,0,0,0,0,0,,2,2,1,0,0%,8,0.867,2,3,4,4,2,3,2,7,1,2,1,3,2.9,14,webbja01
741,Ryan Weber,32,NYY,14.1,8,8,4,1,0,1,1,0,100%,2,1,2,1,50%,8,0.712,2,1,5,3,1,4,3,5,5,0,5,0,5.4,23,weberry01
742,Jordan Weems,30,WSN,41,35,35,6,3,0,1,0,1,0%,7,6,7,0,0%,7,0.887,8,14,13,13,6,16,7,28,14,5,15,7,3.5,19,weemsjo01
743,Zack Weiss,31,LAA,5.1,6,6,0,1,0,0,0,0,,1,1,3,0,0%,7,0.658,0,3,3,2,0,4,2,4,2,3,2,2,2.7,16,weissza01
744,Greg Weissert,28,NYY,8.2,7,7,4,0,0,0,0,0,,0,0,5,0,0%,9,0.199,0,2,5,2,0,5,3,4,3,1,4,1,3.7,23,weissgr01
745,Tyler Wells,28,BAL,113.2,21,1,0,0,0,0,0,0,,1,1,0,0,,4,0.867,0,1,0,1,0,0,0,1,1,0,1,0,15,47,wellsty01
746,Joey Wentz*,25,DET,84.1,19,2,0,1,0,0,0,0,,0,0,0,0,,3,0.917,0,2,0,2,0,0,0,2,2,0,2,0,13.5,69,wentzjo01
747,Hayden Wesneski,25,CHC,72.2,22,11,1,0,1,0,0,0,,1,1,5,2,40%,4,0.752,1,2,8,3,1,7,4,7,8,3,8,1,6.5,33,wesneha01
748,Brendan White,24,DET,33.2,27,26,7,2,2,0,0,0,,1,1,16,5,31%,7,0.63,4,4,18,7,3,16,9,17,11,4,11,5,3.7,20,whitebr01
749,Mitch White,28,TOR,12.2,10,10,6,0,1,0,0,0,,0,0,9,7,78%,8,0.188,1,1,8,2,1,7,6,4,6,4,6,1,3.8,25,whitemi03
750,Owen White,23,TEX,4,2,2,1,0,1,0,0,0,,0,0,0,0,,8,0.747,0,1,1,2,0,0,0,2,2,0,2,0,6,34,whiteow01
751,Garrett Whitlock,27,BOS,58.2,14,4,1,1,1,0,0,0,,0,0,0,0,,6,0.952,1,1,2,2,2,0,0,4,3,0,3,0,5.3,28,whitlga01
752,Devin Williams,28,MIL,48.1,51,51,41,7,3,33,30,3,91%,33,0,12,2,17%,9,2.735,37,8,6,36,14,1,8,43,3,6,3,10,2.8,15,willide03
753,Luke Williams,26,LAD,1,1,1,1,0,0,0,0,0,,0,0,0,0,,8,0,0,0,1,0,0,1,0,1,0,0,0,0,3,6,willilu01
754,Amos Willingham,24,WSN,14,13,13,2,0,2,0,0,0,,0,0,3,0,0%,7,0.544,1,1,11,3,1,9,3,10,4,3,5,0,3.2,22,william01
755,Bryse Wilson,25,MIL,60,41,41,14,5,0,4,3,1,75%,7,3,16,6,38%,7,0.773,5,9,27,14,3,24,13,28,20,9,21,5,4.4,23,wilsobr02
756,Steven Wilson,28,SDP,52.2,51,51,4,1,1,1,0,1,0%,23,22,19,6,32%,7,1.144,18,17,16,28,6,17,9,42,9,7,10,9,3.1,18,wilsost02
757,Josh Winckowski,25,BOS,67.2,47,46,6,3,1,7,3,4,43%,22,15,19,6,32%,7,1.352,17,18,11,28,8,10,13,33,22,7,22,7,4.3,23,winckjo01
758,Josh Winder,26,MIN,22.1,11,11,7,2,0,0,0,0,,0,0,3,1,33%,8,0.299,0,0,11,1,0,10,2,9,8,1,8,0,6.1,35,windejo01
759,Trey Wingenter,29,DET,9,10,10,2,1,0,0,0,0,,1,0,1,1,100%,9,0.736,2,0,8,3,1,6,2,8,1,3,1,1,2.7,17,wingetr01
760,Keaton Winn,25,SFG,22,5,3,1,0,0,1,1,0,100%,1,0,0,0,,6,0.709,0,1,2,2,0,1,0,3,3,0,3,0,12,53,winnke01
761,Brett Wisely,24,SFG,1,1,1,1,0,0,0,0,0,,0,0,0,0,,9,0,0,0,1,1,0,0,0,1,0,0,0,0,3,11,wiselbr01
762,Nick Wittgren,32,KCR,29,27,27,14,1,0,1,0,1,0%,3,2,13,5,38%,8,0.563,4,3,20,4,1,22,8,19,8,7,9,4,3.2,17,wittgni01
763,Jake Wong,26,CIN,3,1,1,1,0,0,0,0,0,,0,0,0,0,,6,0.121,0,0,1,0,0,1,0,1,1,0,1,0,9,57,wongja01
764,Alex Wood*,32,SFG,74,22,11,1,3,1,0,0,0,,1,1,3,2,67%,7,0.909,1,7,3,3,3,5,1,10,8,1,8,0,7.9,45,woodal02
765,Jake Woodford,26,STL,39.2,12,6,1,1,0,0,0,0,,0,0,4,3,75%,7,0.754,0,2,4,1,0,5,2,4,5,0,5,1,5.7,34,woodfja01
766,Simeon Woods Richardson,22,MIN,4.2,1,1,0,0,0,0,0,0,,0,0,0,0,,5,0.292,0,0,1,0,0,1,0,1,1,0,1,0,14,97,woodssi01
767,Randy Wynne,30,CIN,2.1,1,1,0,0,1,0,0,0,,0,0,0,0,,4,1.188,0,1,0,0,0,1,0,1,1,0,1,0,7,34,wynnera01
768,Jimmy Yacabonis,31,NYM,13.2,7,7,2,2,1,0,0,0,,0,0,3,0,0%,5,0.908,1,4,2,3,2,2,2,5,4,1,4,0,5.9,33,yacabji01
769,Ryan Yarbrough*,31,TOT,66.1,19,12,3,2,2,2,1,1,50%,3,1,4,1,25%,,0.975,2,6,4,6,2,4,3,9,11,0,11,0,7.1,37,yarbrry01
770,Ryan Yarbrough*,31,KCR,51,14,7,2,0,2,1,0,1,0%,2,1,3,1,33%,6,0.997,2,2,3,4,1,2,2,5,6,0,6,0,5.6,32,yarbrry01
771,Ryan Yarbrough*,31,LAD,15.1,5,5,1,2,0,1,1,0,100%,1,0,1,0,0%,7,0.895,0,4,1,2,1,2,1,4,5,0,5,0,9.2,44,yarbrry01
772,Kirby Yates,36,ATL,49.2,50,50,12,7,1,5,2,3,40%,12,7,15,2,13%,8,0.946,12,11,27,28,4,18,9,41,4,6,4,5,3,17,yateski01
773,Alex Young*,29,CIN,49,57,57,4,4,2,4,1,3,25%,18,14,42,14,33%,7,1.12,22,20,15,24,8,25,30,27,12,28,23,12,2.6,14,youngal01
774,Danny Young*,29,ATL,8.1,8,8,5,0,0,0,0,0,,0,0,5,3,60%,9,0.401,0,3,5,3,0,5,3,5,2,2,2,2,3.1,17,youngda02
775,Rob Zastryzny*,31,PIT,18,19,18,2,1,0,1,0,1,0%,3,2,8,5,63%,7,0.748,2,6,10,5,2,11,4,14,5,8,6,1,2.8,18,zastrro01
776,Angel Zerpa*,23,KCR,16.1,6,4,1,1,1,1,0,1,0%,2,1,1,1,100%,7,0.839,1,1,2,4,0,0,1,3,3,1,3,0,7,37,zerpaan01
777,Bruce Zimmermann*,28,BAL,11.1,6,6,4,1,0,0,0,0,,0,0,3,2,67%,4,0.24,0,1,5,1,0,5,2,4,4,1,4,0,5.7,31,zimmebr02
778,Guillermo Zuñiga,24,STL,2,2,2,2,0,0,0,0,0,,0,0,0,0,,9,0.019,0,0,2,0,0,2,0,2,0,0,0,0,3,22,zuniggu01