Rk,Name,Age,Tm,Lg,G,PA,AB,R,H,2B,3B,HR,RBI,SB,CS,BB,SO,BA,OBP,SLG,OPS,OPS+,TB,GDP,HBP,SH,SF,IBB,Pos,Name-additional
1,CJ Abrams*,22,WSN,NL,119,469,433,62,109,22,4,14,49,33,3,20,93,0.252,0.303,0.418,0.721,99,181,6,12,3,1,0,*6/H,abramcj01
2,José Abreu,36,HOU,AL,111,469,428,43,100,17,0,10,57,0,1,31,106,0.234,0.29,0.343,0.633,73,147,12,5,0,5,1,*3/D,abreujo02
3,Wilyer Abreu*,24,BOS,AL,3,14,12,3,6,2,0,1,5,0,1,2,2,0.5,0.571,0.917,1.488,293,11,0,0,0,0,0,/879,abreuwi02
4,Ronald Acuna Jr.,25,ATL,NL,126,582,505,113,169,30,2,28,74,58,11,68,72,0.335,0.419,0.568,0.988,162,287,12,7,0,2,2,*9,acunaro01
5,Willy Adames,27,MIL,NL,115,495,435,54,93,18,0,21,60,4,3,48,132,0.214,0.296,0.4,0.696,89,174,10,5,0,5,0,*6/D,adamewi01
6,Jordyn Adams,23,LAA,AL,10,14,14,0,2,0,0,0,0,0,0,0,6,0.143,0.143,0.143,0.286,-22,2,0,0,0,0,0,/8H9,adamsjo03
7,Riley Adams,27,WSN,NL,35,135,122,8,36,12,2,4,19,0,0,11,37,0.295,0.358,0.525,0.883,143,64,5,1,1,0,0,2,adamsri03
8,Ty Adcock,26,SEA,AL,1,0,0,0,0,0,0,0,0,0,0,0,0,,,,,,0,0,0,0,0,0,1,adcocty01
9,Jo Adell,24,LAA,AL,5,14,13,2,3,1,1,1,3,0,0,1,6,0.231,0.286,0.692,0.978,153,9,0,0,0,0,0,/8D7H9,adelljo01
10,Ehire Adrianza#,33,ATL,NL,5,11,10,0,0,0,0,0,0,0,0,1,4,0,0.091,0,0.091,-72,0,0,0,0,0,0,/H6,adriaeh01
11,Jesús Aguilar,33,OAK,AL,36,115,104,8,23,2,0,5,9,0,0,8,31,0.221,0.281,0.385,0.665,89,40,3,1,0,1,2,3/DH,aguilje01
12,Nick Ahmed,33,ARI,NL,65,193,183,14,41,10,1,2,17,5,1,10,47,0.224,0.264,0.322,0.587,61,59,0,0,0,0,0,6/HD,ahmedni01
13,Hanser Alberto,30,CHW,AL,30,90,82,11,18,5,0,3,16,0,0,4,13,0.22,0.261,0.39,0.652,76,32,1,1,2,1,0,54/31H,alberha01
14,Ozzie Albies#,26,ATL,NL,117,510,457,75,122,21,4,28,90,11,0,36,83,0.267,0.327,0.514,0.841,121,235,6,8,0,7,2,*4,albieoz01
15,Scott Alexander*,33,SFG,NL,1,0,0,0,0,0,0,0,0,0,0,0,0,,,,,,0,0,0,0,0,0,1,alexasc02
16,Jorge Alfaro,30,TOT,MLB,18,52,48,2,7,4,0,1,4,0,0,2,15,0.146,0.212,0.292,0.503,31,14,3,2,0,0,0,/D2H,alfarjo01
17,Jorge Alfaro,30,COL,NL,10,32,31,2,5,4,0,1,4,0,0,0,12,0.161,0.188,0.387,0.575,43,12,2,1,0,0,0,/DH2,alfarjo01
18,Jorge Alfaro,30,BOS,AL,8,20,17,0,2,0,0,0,0,0,0,2,3,0.118,0.25,0.118,0.368,5,2,1,1,0,0,0,/2DH,alfarjo01
19,Greg Allen#,30,NYY,AL,22,28,23,6,5,1,1,1,1,3,1,2,10,0.217,0.333,0.478,0.812,121,11,0,2,1,0,0,7H/98D,allengr01
20,Nick Allen,24,OAK,AL,76,229,210,19,41,2,1,3,11,4,1,13,39,0.195,0.244,0.257,0.502,45,54,5,1,4,1,0,6/H4D,allenni02
21,Abraham Almonte#,34,NYM,NL,7,15,14,1,1,1,0,0,0,0,0,1,8,0.071,0.133,0.143,0.276,-23,2,0,0,0,0,0,/HD79,almonab01
22,Pete Alonso,28,NYM,NL,120,509,441,73,98,13,2,39,95,4,1,50,110,0.222,0.322,0.526,0.848,130,232,16,16,0,2,1,*3/D,alonspe01
23,Jose Altuve,33,HOU,AL,58,260,223,47,70,14,1,9,29,13,2,34,45,0.314,0.408,0.507,0.914,149,113,5,2,0,1,0,4/DH,altuvjo01
24,Jake Alu*,26,WSN,NL,22,72,67,6,16,1,0,1,10,3,0,3,22,0.239,0.278,0.299,0.576,62,20,1,1,0,1,0,4/7H5,aluja01
25,Francisco Alvarez,21,NYM,NL,96,340,310,43,67,8,0,21,46,0,0,26,85,0.216,0.285,0.445,0.73,99,138,11,4,0,0,0,*2H/D,alvarfr01
26,Yordan Alvarez*,26,HOU,AL,81,346,291,57,81,15,1,21,68,0,0,45,72,0.278,0.384,0.553,0.938,153,161,6,7,0,3,3,D7,alvaryo01
27,Jacob Amaya,24,MIA,NL,4,9,9,1,2,0,0,0,2,1,0,0,1,0.222,0.222,0.222,0.444,23,2,0,0,0,0,0,/64,amayaja01
28,Miguel Amaya,24,CHC,NL,39,121,99,14,24,4,0,4,17,0,0,9,29,0.242,0.367,0.404,0.771,106,40,2,11,1,1,0,2/DH,amayami01
29,Brian Anderson,30,MIL,NL,93,355,312,37,70,11,3,9,40,0,3,36,107,0.224,0.31,0.365,0.675,85,114,10,4,0,3,0,59/DH,anderbr06
30,Tim Anderson,30,CHW,AL,94,407,380,39,92,13,1,1,22,12,1,22,91,0.242,0.287,0.289,0.577,60,110,14,3,0,2,0,*6/4H,anderti01
31,Elvis Andrus,34,CHW,AL,91,330,301,32,72,15,1,5,35,11,4,22,57,0.239,0.298,0.346,0.643,76,104,5,4,1,2,1,46/H5D,andruel01
32,Miguel Andujar,28,PIT,NL,13,33,31,2,5,1,0,2,6,0,0,2,5,0.161,0.212,0.387,0.599,58,12,0,0,0,0,0,9/HD,andujmi01
33,Jonathan Aranda*,25,TBR,AL,9,26,23,3,4,1,0,1,3,0,0,3,10,0.174,0.269,0.348,0.617,71,8,1,0,0,0,0,/3DH,arandjo01
34,Jonathan Araúz#,24,NYM,NL,17,52,46,2,5,0,0,2,6,0,0,5,14,0.109,0.196,0.239,0.435,20,11,1,0,1,0,0,/456,arauzjo01
35,Orlando Arcia,28,ATL,NL,105,402,368,52,102,17,0,14,47,1,0,31,76,0.277,0.336,0.438,0.773,106,161,13,2,0,1,0,*6,arciaor01
36,Nolan Arenado,32,STL,NL,122,519,474,60,134,24,2,26,87,2,3,35,89,0.283,0.331,0.506,0.838,126,240,19,3,0,7,4,*5D/H,arenano01
37,Gabriel Arias,23,CLE,AL,97,246,220,23,46,7,0,8,16,2,4,26,82,0.209,0.293,0.35,0.643,80,77,7,0,0,0,0,36H95/D4,ariasga01
38,Randy Arozarena,28,TBR,AL,123,530,447,79,117,13,2,20,73,15,9,64,126,0.262,0.37,0.434,0.804,124,194,7,15,0,4,0,*7D/H,arozara01
39,Luis Arraez*,26,MIA,NL,122,516,476,53,169,27,3,5,58,1,2,32,30,0.355,0.398,0.456,0.854,134,217,15,4,1,3,8,*4/H3D,arraelu01
40,Christian Arroyo,28,BOS,AL,66,206,195,23,47,16,0,3,24,1,3,7,45,0.241,0.268,0.369,0.638,70,72,8,1,1,2,0,4/H56,arroych01
41,José Azocar,27,SDP,NL,32,59,55,9,13,3,0,0,3,6,1,1,13,0.236,0.25,0.291,0.541,52,16,0,0,3,0,0,9H/87D,azocajo01
42,Akil Baddoo*,24,DET,AL,84,280,245,31,55,11,0,8,27,8,3,32,66,0.224,0.313,0.367,0.68,87,90,3,0,2,1,2,7H/89D,baddoak01
43,Harrison Bader,29,NYY,AL,78,294,273,40,68,11,2,7,37,16,2,13,53,0.249,0.287,0.381,0.668,83,104,6,3,1,4,0,8/H,baderha01
44,Ji Hwan Bae*,23,PIT,NL,82,264,233,40,56,11,0,2,22,21,6,24,63,0.24,0.314,0.313,0.627,72,73,3,2,3,2,0,48H/6,baeji01
45,Javier Báez,30,DET,AL,113,460,430,52,96,13,4,8,53,11,0,19,105,0.223,0.266,0.328,0.594,63,141,10,7,0,3,0,*6/DH,baezja01
46,Patrick Bailey#,24,SFG,NL,74,272,250,23,64,15,1,6,39,1,0,16,70,0.256,0.307,0.396,0.703,93,99,5,3,2,1,0,2/HD,bailepa01
47,Bryan Baker,28,BAL,AL,2,0,0,0,0,0,0,0,0,0,0,0,0,,,,,,0,0,0,0,0,0,1,bakerbr01
48,Luken Baker,26,STL,NL,13,36,35,2,7,0,0,0,0,0,0,1,15,0.2,0.222,0.2,0.422,18,7,0,0,0,0,0,/D3H,bakerlu01
49,Rylan Bannon,27,HOU,AL,2,6,6,0,0,0,0,0,0,0,0,0,3,0,0,0,0,-100,0,0,0,0,0,0,/4D,bannory01
50,Scott Barlow,30,TOT,MLB,1,0,0,0,0,0,0,0,0,0,0,0,0,,,,,,0,0,0,0,0,0,1,barlosc01
51,Scott Barlow,30,KCR,AL,1,0,0,0,0,0,0,0,0,0,0,0,0,,,,,,0,0,0,0,0,0,1,barlosc01
52,Austin Barnes,33,LAD,NL,46,150,135,7,22,2,0,1,8,2,1,11,34,0.163,0.235,0.2,0.435,20,27,6,2,1,1,0,2/H4D,barneau01
53,Tucker Barnhart*,32,CHC,NL,44,123,109,6,22,3,0,1,9,1,0,12,42,0.202,0.285,0.257,0.541,47,28,4,1,0,1,0,2/1H,barnhtu01
54,Tres Barrera,28,STL,NL,6,2,2,0,0,0,0,0,0,0,0,0,0,0,0,0,0,-100,0,0,0,0,0,0,/2H,barretr01
55,Jose Barrero,25,CIN,NL,46,149,133,15,29,8,0,2,17,3,2,15,44,0.218,0.295,0.323,0.619,66,43,1,0,0,1,0,68/HD,garcijo02
56,Joey Bart,26,SFG,NL,26,84,78,8,18,5,0,0,4,0,0,2,21,0.231,0.286,0.295,0.581,61,23,0,4,0,0,0,2/H,bartjo01
57,Osleivis Basabe,22,TBR,AL,10,39,36,9,12,3,0,1,9,0,1,3,10,0.333,0.385,0.5,0.885,145,18,0,0,0,0,0,6,basabos01
58,Matthew Batten,28,SDP,NL,13,25,23,3,6,0,0,1,3,0,1,2,3,0.261,0.32,0.391,0.711,99,9,0,0,0,0,0,/H345D,battema01
59,Brett Baty*,23,NYM,NL,86,311,278,33,60,11,0,7,27,2,0,27,86,0.216,0.289,0.331,0.62,72,92,7,2,0,1,0,5/HD7,batybr01
60,Jake Bauers*,27,NYY,AL,72,237,209,25,43,14,0,11,26,3,1,25,82,0.206,0.287,0.431,0.718,95,90,3,0,0,3,0,973H/D,bauerja01
61,Mike Baumann,27,BAL,AL,1,0,0,0,0,0,0,0,0,0,0,0,0,,,,,,0,0,0,0,0,0,1,baumami01
62,Matt Beaty*,30,TOT,MLB,22,48,42,6,12,4,0,0,4,0,0,4,7,0.286,0.375,0.381,0.756,110,16,1,2,0,0,0,/3HD91,beatyma01
63,Matt Beaty*,30,SFG,NL,4,5,5,1,1,0,0,0,1,0,0,0,2,0.2,0.2,0.2,0.4,11,1,0,0,0,0,0,/DH1,beatyma01
64,Matt Beaty*,30,KCR,AL,18,43,37,5,11,4,0,0,3,0,0,4,5,0.297,0.395,0.405,0.801,122,15,1,2,0,0,0,/3HD9,beatyma01
65,Josh Bell#,30,TOT,MLB,117,478,423,41,104,22,0,18,60,0,1,52,103,0.246,0.328,0.426,0.754,109,180,9,1,0,2,1,D3/H,belljo02
66,Josh Bell#,30,CLE,AL,97,393,347,26,81,19,0,11,48,0,1,43,81,0.233,0.318,0.383,0.701,97,133,7,1,0,2,1,D3/H,belljo02
67,Josh Bell#,30,MIA,NL,20,85,76,15,23,3,0,7,12,0,0,9,22,0.303,0.376,0.618,0.995,166,47,2,0,0,0,0,3/D,belljo02
68,Cody Bellinger*,27,CHC,NL,96,405,363,72,116,21,1,20,68,17,4,30,62,0.32,0.368,0.548,0.916,141,199,3,3,0,9,3,83/H,bellico01
69,Brandon Belt*,35,TOR,AL,91,360,301,46,77,22,0,15,37,0,0,56,125,0.256,0.372,0.478,0.851,135,144,5,1,0,2,1,D3/H,beltbr01
70,Anthony Bemboom*,33,BAL,AL,6,13,11,0,2,0,0,0,0,0,0,2,2,0.182,0.308,0.182,0.49,42,2,0,0,0,0,0,/2,bemboan01
71,Andrew Benintendi*,28,CHW,AL,120,500,451,62,125,28,1,4,37,13,1,42,73,0.277,0.341,0.37,0.711,96,167,8,3,1,3,5,*7/HD,beninan01
72,Will Benson*,25,CIN,NL,77,239,206,38,57,11,6,7,20,14,2,33,75,0.277,0.377,0.49,0.867,130,101,2,0,0,0,0,79H/D8,bensowi01
73,José Berríos,29,TOR,AL,1,0,0,0,0,0,0,0,0,0,0,0,0,,,,,,0,0,0,0,0,0,1,berrijo01
74,Jon Berti,33,MIA,NL,105,343,320,44,90,14,2,3,25,13,4,17,64,0.281,0.317,0.366,0.682,87,117,10,1,2,3,2,65H74/D9,bertijo01
75,Christian Bethancourt,31,TBR,AL,86,281,264,41,61,15,0,8,27,0,0,13,72,0.231,0.264,0.379,0.643,77,100,6,0,1,3,0,2/HD1,bethach01
76,Mookie Betts,30,LAD,NL,120,551,468,105,145,34,1,34,89,10,3,72,87,0.31,0.405,0.605,1.009,168,283,5,6,0,5,3,*946/H,bettsmo01
77,Bo Bichette,25,TOR,AL,111,494,472,54,150,25,2,18,61,3,3,20,91,0.318,0.348,0.494,0.842,131,233,12,2,0,0,0,*6/DH,bichebo01
78,Cavan Biggio*,28,TOR,AL,82,224,198,35,43,6,0,8,25,4,2,20,67,0.217,0.308,0.369,0.677,87,73,0,6,0,0,0,4H93/D5,biggica01
79,Charlie Blackmon*,36,COL,NL,65,281,243,44,68,15,4,7,31,0,1,26,36,0.28,0.367,0.461,0.827,113,112,4,9,0,3,0,D9/H,blackch02
80,Dairon Blanco,30,KCR,AL,46,99,89,13,22,6,4,1,14,15,5,7,24,0.247,0.316,0.438,0.755,105,39,1,2,1,0,0,79H/8D,blancda02
81,JJ Bleday*,25,OAK,AL,77,284,241,34,49,11,0,10,27,5,1,38,66,0.203,0.313,0.373,0.687,96,90,3,2,0,3,0,789/HD,bledajj01
82,Xander Bogaerts,30,SDP,NL,122,519,464,57,122,20,0,14,44,13,1,48,87,0.263,0.335,0.397,0.732,105,184,17,4,0,3,0,*6/DH,bogaexa01
83,Alec Bohm,26,PHI,NL,113,473,432,58,122,22,0,13,77,4,1,33,74,0.282,0.336,0.424,0.76,107,183,18,4,0,4,0,35/DH,bohmal01
84,Jackie Bradley Jr.*,33,KCR,AL,43,113,105,10,14,5,0,1,6,0,0,5,29,0.133,0.188,0.21,0.397,10,22,3,2,1,0,0,89/7H,bradlja02
85,Matt Brash,25,SEA,AL,1,0,0,0,0,0,0,0,0,0,0,0,0,,,,,,0,0,0,0,0,0,1,brashma01
86,Ryan Brasier,35,TOT,MLB,1,0,0,0,0,0,0,0,0,0,0,0,0,,,,,,0,0,0,0,0,0,1,brasiry01
87,Ryan Brasier,35,LAD,NL,1,0,0,0,0,0,0,0,0,0,0,0,0,,,,,,0,0,0,0,0,0,1,brasiry01
88,Alex Bregman,29,HOU,AL,128,571,493,78,127,19,3,20,83,3,0,73,75,0.258,0.357,0.43,0.787,115,212,14,4,0,1,1,*5/D,bregmal01
89,Will Brennan*,25,CLE,AL,110,360,343,32,88,20,0,5,33,10,4,11,47,0.257,0.289,0.359,0.647,81,123,3,5,0,1,1,*9H8/7D,brennwi02
90,Jonah Bride,27,OAK,AL,34,91,75,6,12,2,0,0,5,0,1,9,18,0.16,0.278,0.187,0.464,38,14,3,4,1,2,0,5/HD3,bridejo01
91,Mike Brosseau,29,MIL,NL,29,78,73,4,15,2,0,4,8,0,0,4,20,0.205,0.256,0.397,0.654,76,29,2,1,0,0,0,5/H31D4,brossmi01
92,Seth Brown*,30,OAK,AL,82,285,258,24,56,12,1,11,42,2,1,23,80,0.217,0.282,0.399,0.681,93,103,5,1,1,2,0,973DH,brownse01
93,Vidal Bruján#,25,TBR,AL,28,61,57,10,11,2,0,0,5,2,1,2,16,0.193,0.233,0.228,0.461,30,13,1,1,1,0,0,4/H596,brujavi01
94,Kris Bryant,31,COL,NL,65,275,243,27,61,7,0,8,23,0,0,26,48,0.251,0.338,0.379,0.717,86,92,4,6,0,0,0,9D/7,bryankr01
95,J.B. Bukauskas,26,TOT,MLB,1,0,0,0,0,0,0,0,0,0,0,0,0,,,,,,0,0,0,0,0,0,/1,bukaujb01
96,J.B. Bukauskas,26,SEA,AL,1,0,0,0,0,0,0,0,0,0,0,0,0,,,,,,0,0,0,0,0,0,/1,bukaujb01
97,Aaron Bummer*,29,CHW,AL,1,0,0,0,0,0,0,0,0,0,0,0,0,,,,,,0,0,0,0,0,0,1,bummeaa01
98,Peyton Burdick,26,MIA,NL,14,37,33,4,6,2,0,1,2,1,0,3,18,0.182,0.27,0.333,0.604,64,11,0,1,0,0,0,9/8H7,burdipe01
99,Jake Burger,27,TOT,MLB,108,406,369,53,89,21,1,27,63,1,1,27,118,0.241,0.305,0.523,0.828,121,193,3,8,0,2,0,5D/H34,burgeja01
100,Jake Burger,27,CHW,AL,88,323,294,44,63,15,1,25,52,1,1,22,102,0.214,0.279,0.527,0.806,114,155,3,5,0,2,0,5D/H34,burgeja01
101,Jake Burger,27,MIA,NL,20,83,75,9,26,6,0,2,11,0,0,5,16,0.347,0.41,0.507,0.916,150,38,0,3,0,0,0,5,burgeja01
102,Alec Burleson*,24,STL,NL,91,293,266,31,66,17,1,8,29,0,1,19,36,0.248,0.301,0.41,0.711,93,109,12,2,1,2,0,7HD39/1,burleal01
103,Michael Busch*,25,LAD,NL,17,59,52,7,10,3,0,1,6,1,0,6,19,0.192,0.271,0.308,0.579,57,16,0,0,0,1,0,5/DH47,buschmi02
104,Lawrence Butler*,22,OAK,AL,13,42,41,2,10,2,0,1,2,0,0,0,10,0.244,0.262,0.366,0.628,78,15,1,1,0,0,0,8/H9,butlela01
105,Byron Buxton,29,MIN,AL,85,347,304,49,63,17,1,17,42,9,0,35,109,0.207,0.294,0.438,0.731,97,133,3,4,0,4,2,D/H,buxtoby01
106,José Caballero,26,SEA,AL,86,248,200,33,48,9,1,3,24,25,3,28,54,0.24,0.371,0.34,0.711,104,68,0,16,0,4,0,4H6/5D7,cabaljo01
107,Trey Cabbage*,26,LAA,AL,12,35,34,2,7,2,0,1,6,0,1,0,17,0.206,0.2,0.353,0.553,46,12,1,0,0,1,0,/3H89,cabbatr01
108,Génesis Cabrera*,26,TOT,MLB,2,0,0,0,0,0,0,0,0,0,0,0,0,,,,,,0,0,0,0,0,0,1,cabrege01
109,Génesis Cabrera*,26,STL,NL,2,0,0,0,0,0,0,0,0,0,0,0,0,,,,,,0,0,0,0,0,0,1,cabrege01
110,Miguel Cabrera,40,DET,AL,75,275,247,15,61,15,0,2,21,0,0,25,54,0.247,0.316,0.332,0.648,80,82,10,1,0,2,0,D/H,cabremi01
111,Oswaldo Cabrera#,24,NYY,AL,88,227,206,28,43,8,0,4,23,7,0,16,51,0.209,0.27,0.306,0.576,59,63,6,2,1,2,1,79H5/46D3,cabreos01
112,Kole Calhoun*,35,CLE,AL,14,59,53,7,15,2,0,2,9,0,1,4,9,0.283,0.356,0.434,0.79,121,23,0,2,0,0,0,3/D9,calhoko01
113,Willie Calhoun*,28,NYY,AL,44,149,134,16,32,7,0,5,16,0,0,14,20,0.239,0.309,0.403,0.712,95,54,2,0,0,1,1,D/9H7,calhowi01
114,Alex Call,28,WSN,NL,106,398,341,40,69,12,1,7,35,9,7,46,71,0.202,0.306,0.305,0.611,72,104,1,6,3,2,0,*87/H9,callal02
115,Johan Camargo#,29,SFG,NL,8,20,18,0,4,0,0,0,2,0,0,1,4,0.222,0.3,0.222,0.522,48,4,2,1,0,0,0,/65,camarjo01
116,Luis Campusano,24,SDP,NL,28,95,89,14,26,4,0,4,13,0,0,4,12,0.292,0.326,0.472,0.798,121,42,4,1,0,1,0,2/DH,campulu01
117,Jeimer Candelario#,29,TOT,NL,119,498,437,70,118,37,3,18,61,8,1,45,105,0.27,0.352,0.492,0.844,131,215,10,12,0,3,1,*53/D,candeje01
118,Jeimer Candelario#,29,WSN,NL,99,419,368,57,95,30,2,16,53,6,1,36,88,0.258,0.342,0.481,0.823,127,177,10,12,0,2,1,*5/D,candeje01
119,Jeimer Candelario#,29,CHC,NL,20,79,69,13,23,7,1,2,8,2,0,9,17,0.333,0.405,0.551,0.956,152,38,0,0,0,1,0,35,candeje01
120,Mark Canha,34,TOT,NL,108,376,319,36,77,20,1,7,39,7,1,40,58,0.241,0.34,0.376,0.717,99,120,9,11,0,6,1,7D39H/5,canhama01
121,Mark Canha,34,NYM,NL,89,303,257,28,63,15,1,6,29,7,0,32,52,0.245,0.343,0.381,0.725,101,98,8,9,0,5,0,7D39H/5,canhama01
122,Mark Canha,34,MIL,NL,19,73,62,8,14,5,0,1,10,0,1,8,6,0.226,0.329,0.355,0.684,89,22,1,2,0,1,1,/D73H9,canhama01
123,Yennier Cano,29,BAL,AL,1,0,0,0,0,0,0,0,0,0,0,0,0,,,,,,0,0,0,0,0,0,1,canoye01
124,Dominic Canzone*,25,TOT,MLB,31,99,91,14,21,6,0,3,11,1,0,7,16,0.231,0.293,0.396,0.689,90,36,3,1,0,0,0,D9/H7,canzodo01
125,Dominic Canzone*,25,ARI,NL,15,41,38,4,9,2,0,1,8,0,0,2,8,0.237,0.293,0.368,0.661,81,14,1,1,0,0,0,/DH9,canzodo01
126,Dominic Canzone*,25,SEA,AL,16,58,53,10,12,4,0,2,3,1,0,5,8,0.226,0.293,0.415,0.708,97,22,2,0,0,0,0,/79DH,canzodo01
127,Conner Capel*,26,OAK,AL,32,86,73,6,19,5,0,0,3,5,3,12,25,0.26,0.372,0.329,0.701,104,24,1,1,0,0,0,97/HD,capelco01
128,Vinny Capra,26,PIT,NL,5,13,11,2,2,0,0,0,0,0,0,1,1,0.182,0.25,0.182,0.432,21,2,0,0,1,0,0,/54H,capravi01
129,Victor Caratini#,29,MIL,NL,49,181,159,20,38,2,0,6,19,1,1,18,38,0.239,0.326,0.365,0.691,90,58,6,3,0,1,0,2/H3D,caratvi01
130,Dylan Carlson#,24,STL,NL,76,255,219,27,48,8,1,5,27,3,0,26,49,0.219,0.318,0.333,0.651,80,73,4,7,0,3,0,89/H7D,carlsdy01
131,Kerry Carpenter*,25,DET,AL,84,315,285,42,82,12,1,20,54,0,0,24,72,0.288,0.352,0.547,0.9,143,156,3,5,0,1,2,9D7/H,carpeke01
132,Matt Carpenter*,37,SDP,NL,69,210,171,15,29,11,0,4,28,1,0,33,62,0.17,0.301,0.304,0.606,71,52,2,1,0,4,0,DH3,carpema01
133,Corbin Carroll*,22,ARI,NL,123,502,440,89,122,24,6,22,64,38,5,46,98,0.277,0.355,0.509,0.865,134,224,5,9,4,3,1,*789/HD,carroco02
134,Curt Casali,34,CIN,NL,40,96,80,8,14,2,0,0,6,0,0,11,23,0.175,0.29,0.2,0.49,36,16,1,2,3,0,0,Feb-35,casalcu01
135,Triston Casas*,23,BOS,AL,113,423,363,55,91,16,2,20,49,0,0,57,108,0.251,0.352,0.471,0.823,120,171,7,1,0,2,2,*3H/D,casastr01
136,Nick Castellanos,31,PHI,NL,124,533,501,65,138,30,1,21,78,7,2,26,149,0.275,0.311,0.465,0.777,109,233,12,2,0,4,0,*9/DH,casteni01
137,Diego Castillo,25,ARI,NL,1,1,1,0,0,0,0,0,0,0,0,0,0,0,0,0,0,-100,0,0,0,0,0,0,/H,castidi02
138,Harold Castro*,29,COL,NL,87,245,236,23,62,12,0,1,29,1,0,6,59,0.263,0.279,0.326,0.605,56,77,5,0,1,2,0,4H8/769D15,castrha01
139,Miguel Castro,28,ARI,NL,1,0,0,0,0,0,0,0,0,0,0,0,0,,,,,,0,0,0,0,0,0,1,castrmi01
140,Rodolfo Castro#,24,TOT,NL,86,243,214,21,47,7,0,6,23,1,4,23,69,0.22,0.309,0.336,0.645,76,72,4,5,0,1,1,46H5/D,castrro01
141,Rodolfo Castro#,24,PIT,NL,78,224,197,19,45,7,0,6,22,1,4,21,62,0.228,0.317,0.355,0.672,83,70,4,5,0,1,1,46H/5D,castrro01
142,Rodolfo Castro#,24,PHI,NL,8,19,17,2,2,0,0,0,1,0,0,2,7,0.118,0.211,0.118,0.328,-6,2,0,0,0,0,0,/5H4D,castrro01
143,Willi Castro#,26,MIN,AL,101,315,278,42,67,15,3,5,26,29,4,24,78,0.241,0.322,0.371,0.692,90,103,3,10,1,2,1,758H/469D1,castrwi01
144,Jake Cave*,30,PHI,NL,45,142,130,12,32,8,0,5,19,3,0,8,32,0.246,0.291,0.423,0.714,92,55,3,1,1,2,0,79/3H8D,caveja01
145,Andrew Chafin,33,TOT,NL,3,0,0,0,0,0,0,0,0,0,0,0,0,,,,,,0,0,0,0,0,0,1,chafian01
146,Andrew Chafin,33,ARI,NL,3,0,0,0,0,0,0,0,0,0,0,0,0,,,,,,0,0,0,0,0,0,1,chafian01
147,Yu Chang,27,BOS,AL,39,112,105,12,17,2,0,6,18,4,0,3,34,0.162,0.2,0.352,0.552,45,37,2,2,2,0,0,6/4H35D,changyu01
148,Aroldis Chapman*,35,TOT,AL,1,0,0,0,0,0,0,0,0,0,0,0,0,,,,,,0,0,0,0,0,0,1,chapmar01
149,Aroldis Chapman*,35,KCR,AL,1,0,0,0,0,0,0,0,0,0,0,0,0,,,,,,0,0,0,0,0,0,1,chapmar01
150,Matt Chapman,30,TOR,AL,122,510,447,61,111,35,1,15,49,3,2,56,144,0.248,0.337,0.432,0.769,112,193,4,5,0,2,1,*5/DH,chapmma01
151,Michael Chavis,27,WSN,NL,37,83,78,11,19,2,0,2,5,0,0,5,28,0.244,0.289,0.346,0.635,77,27,2,0,0,0,0,4H/53D7,chavimi01
152,Jazz Chisholm Jr.*,25,MIA,NL,65,255,234,31,58,6,2,12,28,17,3,17,79,0.248,0.303,0.444,0.748,101,104,2,2,1,1,0,8/HD,chishja01
153,Ji Man Choi*,32,TOT,NL,30,92,84,12,15,4,0,6,11,0,0,7,30,0.179,0.239,0.44,0.68,80,37,1,0,0,1,0,D/3H,choiji01
154,Ji Man Choi*,32,PIT,NL,23,76,73,9,15,4,0,6,11,0,0,2,27,0.205,0.224,0.507,0.731,90,37,1,0,0,1,0,D/3H,choiji01
155,Ji Man Choi*,32,SDP,NL,7,16,11,3,0,0,0,0,0,0,0,5,3,0,0.313,0,0.313,-1,0,0,0,0,0,0,/D3H,choiji01
156,Taylor Clarke,30,KCR,AL,1,0,0,0,0,0,0,0,0,0,0,0,0,,,,,,0,0,0,0,0,0,1,clarkta01
157,Kody Clemens*,27,PHI,NL,47,148,139,15,32,7,0,4,13,0,0,8,40,0.23,0.277,0.367,0.644,75,51,1,1,0,0,0,3/H1D96,clemeko01
158,Ernie Clement,27,TOR,AL,12,10,8,3,4,1,0,0,2,1,0,1,1,0.5,0.5,0.625,1.125,211,5,0,0,0,1,0,/H46D1,clemeer01
159,Oscar Colás*,24,CHW,AL,62,214,198,26,45,8,0,3,15,4,3,11,59,0.227,0.269,0.313,0.582,59,62,3,1,2,2,1,9/H8D,colasos01
160,Dylan Coleman,26,KCR,AL,2,0,0,0,0,0,0,0,0,0,0,0,0,,,,,,0,0,0,0,0,0,1,colemdy01
161,Zack Collins*,28,CLE,AL,2,6,4,0,2,0,0,0,0,0,0,2,2,0.5,0.667,0.5,1.167,237,2,0,0,0,0,0,/2,colliza01
162,Michael Conforto*,30,SFG,NL,111,426,370,55,93,12,0,15,55,4,0,47,97,0.251,0.343,0.405,0.748,106,150,10,6,0,3,4,*9D7/H,confomi01
163,William Contreras,25,MIL,NL,106,452,403,60,111,29,1,13,58,1,1,43,90,0.275,0.352,0.449,0.801,119,181,17,5,0,1,1,2D/H,contrwi02
164,Willson Contreras,31,STL,NL,107,423,365,43,94,25,0,13,51,6,2,44,97,0.258,0.355,0.433,0.787,116,158,11,12,0,2,0,2D/H,contrwi01
165,Garrett Cooper,32,TOT,NL,96,362,337,33,86,15,1,14,48,0,0,22,105,0.255,0.304,0.43,0.734,99,145,11,2,0,1,0,3DH,coopega03
166,Garrett Cooper,32,MIA,NL,82,324,305,28,78,11,1,13,46,0,0,17,97,0.256,0.296,0.426,0.723,95,130,9,1,0,1,0,3D/H,coopega03
167,Garrett Cooper,32,SDP,NL,14,38,32,5,8,4,0,1,2,0,0,5,8,0.25,0.368,0.469,0.837,134,15,2,1,0,0,0,/D3H,coopega03
168,Franchy Cordero*,28,NYY,AL,24,71,69,9,13,2,0,6,13,0,0,2,25,0.188,0.211,0.478,0.69,83,33,0,0,0,0,0,9/7H,cordefr02
169,Carlos Correa,28,MIN,AL,114,491,436,47,100,26,2,15,56,0,0,49,112,0.229,0.31,0.401,0.711,93,175,24,3,0,3,3,*6,correca01
170,Danny Coulombe*,33,BAL,AL,2,0,0,0,0,0,0,0,0,0,0,0,0,,,,,,0,0,0,0,0,0,1,couloda01
171,Colton Cowser*,23,BAL,AL,26,77,61,15,7,2,0,0,4,1,0,13,22,0.115,0.286,0.148,0.433,27,9,1,2,0,1,0,98/7H,cowseco01
172,Austin Cox*,26,KCR,AL,1,0,0,0,0,0,0,0,0,0,0,0,0,,,,,,0,0,0,0,0,0,1,coxau01
173,Brandon Crawford*,36,SFG,NL,77,270,242,27,47,10,1,6,32,3,0,22,72,0.194,0.264,0.318,0.582,60,77,5,2,1,3,1,6/H1,crawfbr01
174,J.P. Crawford*,28,SEA,AL,110,477,396,67,103,26,0,10,39,1,0,73,91,0.26,0.378,0.402,0.779,121,159,6,3,3,2,1,*6/H,crawfjp01
175,Kutter Crawford,27,BOS,AL,1,0,0,1,0,0,0,0,0,0,0,0,0,,,,,,0,0,0,0,0,0,1/H,crawfku01
176,C.J. Cron,33,TOT,MLB,70,274,254,38,64,12,0,12,37,0,0,17,64,0.252,0.299,0.441,0.74,90,112,13,1,0,2,0,3/DH,croncj01
177,C.J. Cron,33,COL,NL,56,224,208,31,54,12,0,11,32,0,0,13,50,0.26,0.304,0.476,0.78,98,99,10,1,0,2,0,3/DH,croncj01
178,C.J. Cron,33,LAA,AL,14,50,46,7,10,0,0,1,5,0,0,4,14,0.217,0.28,0.283,0.563,54,13,3,0,0,0,0,3/H,croncj01
179,Jake Cronenworth*,29,SDP,NL,126,518,455,54,104,24,7,10,48,6,1,46,97,0.229,0.31,0.378,0.688,93,172,8,10,1,5,2,*34/H,croneja01
180,Nelson Cruz,42,SDP,NL,49,152,143,9,35,5,1,5,23,1,0,6,46,0.245,0.283,0.399,0.681,89,57,2,2,0,1,1,DH/3,cruzne02
181,Oneil Cruz*,24,PIT,NL,9,40,32,7,8,1,0,1,4,3,0,7,8,0.25,0.375,0.375,0.75,105,12,0,0,0,1,0,/6,cruzon01
182,Charlie Culberson,34,ATL,NL,1,1,1,0,1,0,0,0,0,0,0,0,0,1,1,1,2,440,1,0,0,0,0,0,/DH,culbech01
183,Travis d'Arnaud,34,ATL,NL,54,214,196,25,49,11,0,9,30,0,0,16,47,0.25,0.308,0.444,0.752,99,87,5,1,0,1,0,2/DH,darnatr01
184,David Dahl*,29,SDP,NL,4,9,9,1,1,0,0,1,1,0,0,0,2,0.111,0.111,0.444,0.556,46,4,0,0,0,0,0,/9H,dahlda01
185,Bobby Dalbec,28,BOS,AL,10,14,12,1,2,0,0,0,0,1,0,2,8,0.167,0.286,0.167,0.452,27,2,0,0,0,0,0,/H3D456,dalbebo01
186,Henry Davis,23,PIT,NL,51,209,183,24,39,8,0,5,18,3,4,22,48,0.213,0.306,0.339,0.645,75,62,2,3,0,1,2,9/2DH,davishe01
187,J.D. Davis,30,SFG,NL,117,451,395,47,96,16,1,15,57,1,0,42,133,0.243,0.321,0.403,0.723,98,159,14,6,0,6,0,*5HD/3,davisjd01
188,Jonathan Davis,31,MIA,NL,34,104,90,22,22,4,1,2,10,1,2,7,29,0.244,0.307,0.378,0.685,87,34,1,2,2,2,0,8/H97,davisjo05
189,Yonathan Daza,29,COL,NL,24,80,74,8,20,6,0,0,7,1,0,3,13,0.27,0.304,0.351,0.655,69,26,5,1,1,1,0,8/H9,dazayo01
190,Bryan De La Cruz,26,MIA,NL,122,504,463,48,118,28,0,16,63,3,1,35,122,0.255,0.304,0.419,0.723,96,194,13,0,0,5,0,*79/8HD,delacbr01
191,Elly De La Cruz#,21,CIN,NL,67,296,274,49,69,11,6,11,33,21,6,20,103,0.252,0.304,0.456,0.76,100,125,4,1,0,1,3,65/DH,delacel01
192,Paul DeJong,29,TOT,MLB,95,355,328,40,71,11,0,14,37,4,4,21,106,0.216,0.273,0.378,0.651,77,124,9,5,0,1,0,*6/H,dejonpa01
193,Paul DeJong,29,TOT,NL,82,311,284,39,68,11,0,14,36,4,4,21,88,0.239,0.302,0.426,0.728,98,121,8,5,0,1,0,6/H,dejonpa01
194,Paul DeJong,29,STL,NL,81,306,279,38,65,11,0,13,32,4,4,21,87,0.233,0.297,0.412,0.71,93,115,8,5,0,1,0,6/H,dejonpa01
195,Paul DeJong,29,TOR,AL,13,44,44,1,3,0,0,0,1,0,0,0,18,0.068,0.068,0.068,0.136,-62,3,1,0,0,0,0,6,dejonpa01
196,Paul DeJong,29,SFG,NL,1,5,5,1,3,0,0,1,4,0,0,0,1,0.6,0.6,1.2,1.8,380,6,0,0,0,0,0,/6,dejonpa01
197,Jason Delay,28,PIT,NL,58,146,130,16,36,10,1,1,16,0,0,11,33,0.277,0.34,0.392,0.733,99,51,4,2,2,1,0,2/H,delayja01
198,Jonny Deluca,24,LAD,NL,24,45,42,5,11,1,0,2,6,1,0,3,8,0.262,0.311,0.429,0.74,98,18,0,0,0,0,0,H/789D,delucjo01
199,Rafael Devers*,26,BOS,AL,121,521,464,72,126,28,0,29,88,2,1,46,98,0.272,0.345,0.519,0.865,129,241,10,8,0,3,6,*5/DH,deverra01
200,Aledmys Díaz,32,OAK,AL,89,292,264,22,59,15,0,4,22,1,0,16,58,0.223,0.282,0.326,0.608,74,86,11,7,1,4,2,65H4/3D7,diazal02
201,Alexis Díaz,26,CIN,NL,2,0,0,0,0,0,0,0,0,0,0,0,0,,,,,,0,0,0,0,0,0,1,diazal03
202,Elias Díaz,32,COL,NL,112,424,389,37,105,19,1,13,59,1,0,29,91,0.27,0.321,0.424,0.745,91,165,9,2,0,4,0,*2H/D,diazel01
203,Isan Díaz*,27,TOT,MLB,8,26,24,0,1,0,0,0,1,0,0,2,9,0.042,0.115,0.042,0.157,-54,1,0,0,0,0,0,/45H,diazis01
204,Isan Díaz*,27,SFG,NL,6,21,19,0,1,0,0,0,1,0,0,2,7,0.053,0.143,0.053,0.195,-42,1,0,0,0,0,0,/45,diazis01
205,Isan Díaz*,27,DET,AL,2,5,5,0,0,0,0,0,0,0,0,0,2,0,0,0,0,-100,0,0,0,0,0,0,/4H,diazis01
206,Jordan Diaz,22,OAK,AL,64,208,191,15,43,5,0,9,22,0,1,14,48,0.225,0.284,0.393,0.676,91,75,8,2,0,1,0,45D/H3,diazjo03
207,Yainer Diaz,24,HOU,AL,83,302,286,37,82,18,0,18,46,0,0,7,55,0.287,0.305,0.538,0.843,125,154,10,3,0,6,0,2DH/3,diazya02
208,Yandy Díaz,31,TBR,AL,110,487,429,77,140,27,0,16,65,0,1,50,78,0.326,0.402,0.501,0.904,151,215,13,6,0,2,0,*3D/5H,diazya01
209,Corey Dickerson*,34,WSN,NL,50,152,144,12,36,7,1,2,17,0,1,7,28,0.25,0.283,0.354,0.637,77,51,3,0,0,1,0,7/HD9,dickeco01
210,Brandon Dixon,31,SDP,NL,33,86,79,10,16,4,0,2,9,1,0,1,31,0.203,0.244,0.329,0.573,59,26,1,4,0,2,0,3/H9D71,dixonbr01
211,Josh Donaldson,37,NYY,AL,33,120,106,13,15,1,0,10,15,0,0,12,32,0.142,0.225,0.434,0.659,76,46,2,0,0,2,0,5/DH1,donaljo02
212,Brendan Donovan*,26,STL,NL,95,371,327,48,93,10,1,11,34,5,1,33,53,0.284,0.365,0.422,0.787,116,138,4,9,1,1,2,47D3H/956,donovbr01
213,Camilo Doval,25,SFG,NL,2,0,0,0,0,0,0,0,0,0,0,0,0,,,,,,0,0,0,0,0,0,1,dovalca01
214,Jeter Downs,24,WSN,NL,6,9,5,4,2,0,0,0,1,2,0,4,1,0.4,0.667,0.4,1.067,210,2,0,0,0,0,0,/64H,downsje01
215,Brenton Doyle,25,COL,NL,94,314,287,36,55,10,1,8,29,17,4,19,114,0.192,0.249,0.317,0.566,46,91,6,4,1,3,0,*8/H,doylebr02
216,Hunter Dozier,31,KCR,AL,29,91,82,8,15,2,1,2,9,2,0,8,29,0.183,0.253,0.305,0.558,53,25,0,0,0,1,0,5/397HD,doziehu01
217,Brandon Drury,30,LAA,AL,92,376,351,44,93,20,2,18,56,0,2,16,98,0.265,0.303,0.487,0.79,109,171,10,5,0,4,0,43/H,drurybr01
218,Daniel Duarte,26,CIN,NL,1,0,0,0,0,0,0,0,0,0,0,0,0,,,,,,0,0,0,0,0,0,1,duartda01
219,Mauricio Dubón,28,HOU,AL,103,412,390,62,105,22,2,6,33,6,1,16,58,0.269,0.301,0.382,0.683,86,149,9,3,0,3,0,4/687H3,dubonma01
220,Matt Duffy,32,KCR,AL,68,180,165,15,42,7,0,1,12,1,0,11,33,0.255,0.311,0.315,0.626,74,52,2,3,0,1,0,54H3/D1,duffyma01
221,Ezequiel Duran,24,TEX,AL,103,382,351,51,101,19,2,14,44,8,4,22,105,0.288,0.339,0.473,0.812,120,166,6,6,1,2,1,67D5/H439,duranez01
222,Jarren Duran*,26,BOS,AL,102,362,332,46,98,34,2,8,40,24,2,24,90,0.295,0.346,0.482,0.828,121,160,3,3,0,2,1,*87H/D9,duranja01
223,Adam Duvall,34,BOS,AL,65,249,223,34,59,19,1,14,43,4,0,18,72,0.265,0.329,0.547,0.876,131,122,0,5,0,3,1,89/HD7,duvalad01
224,Nate Eaton,26,KCR,AL,28,56,53,2,4,0,0,0,1,3,0,2,21,0.075,0.125,0.075,0.2,-42,4,0,1,0,0,0,7/H89D51,eatonna01
225,Tommy Edman#,28,STL,NL,105,395,357,55,86,19,4,11,38,17,2,26,64,0.241,0.301,0.409,0.71,93,146,7,6,3,3,1,648/9H,edmanto01
226,Xavier Edwards#,23,MIA,NL,9,22,21,4,8,1,0,0,2,1,0,0,4,0.381,0.381,0.429,0.81,122,9,1,0,1,0,0,/48H,edwarxa01
227,Drew Ellis,27,PHI,NL,12,29,23,4,5,0,0,2,4,0,1,6,7,0.217,0.379,0.478,0.858,133,11,0,0,0,0,0,/35H,ellisdr01
228,Christian Encarnacion-Strand,23,CIN,NL,34,129,118,13,28,2,0,4,15,1,0,7,40,0.237,0.302,0.356,0.658,76,42,2,4,0,0,0,D3/5H,encarch01
229,Adam Engel,31,SDP,NL,5,6,6,0,0,0,0,0,0,0,1,0,2,0,0,0,0,-100,0,0,0,0,0,0,/8H7,engelad01
230,Eduardo Escobar#,34,TOT,MLB,75,235,217,29,50,5,4,5,26,2,1,15,54,0.23,0.278,0.359,0.637,73,78,6,0,1,2,0,54H/3D16,escobed01
231,Eduardo Escobar#,34,NYM,NL,40,120,110,15,26,3,2,4,16,2,0,8,24,0.236,0.286,0.409,0.695,90,45,4,0,1,1,0,5/4HD6,escobed01
232,Eduardo Escobar#,34,LAA,AL,35,115,107,14,24,2,2,1,10,0,1,7,30,0.224,0.27,0.308,0.578,57,33,2,0,0,1,0,54/H31,escobed01
233,Santiago Espinal,28,TOR,AL,70,199,179,26,39,8,0,2,18,2,1,16,26,0.218,0.293,0.296,0.589,65,53,4,3,1,0,1,4H65/D,espinsa01
234,Thairo Estrada,27,SFG,NL,86,386,357,51,100,23,1,10,39,19,4,17,93,0.28,0.329,0.434,0.763,109,155,8,10,0,2,1,46/7D,estrath01
235,Stuart Fairchild,27,CIN,NL,82,235,201,30,46,13,2,5,27,9,2,23,62,0.229,0.323,0.388,0.711,90,78,2,6,3,2,0,789H/D,faircst01
236,Kyle Farmer,32,MIN,AL,93,280,255,37,64,9,2,8,28,1,2,16,68,0.251,0.311,0.396,0.707,93,101,5,7,0,2,0,456H/37,farmeky01
237,Caleb Ferguson,26,LAD,NL,2,0,0,0,0,0,0,0,0,0,0,0,0,,,,,,0,0,0,0,0,0,1,ferguca01
238,Freddy Fermin,28,KCR,AL,60,200,186,22,53,9,1,9,30,0,0,10,42,0.285,0.317,0.489,0.806,118,91,6,0,1,3,0,2/HD,fermifr01
239,José Fermín,24,STL,NL,12,29,25,1,4,0,0,0,0,0,0,3,3,0.16,0.25,0.16,0.41,17,4,0,0,1,0,0,/4H5D,fermijo01
240,David Fletcher,29,LAA,AL,19,49,47,3,10,1,0,1,8,0,0,2,6,0.213,0.245,0.298,0.543,46,14,2,0,0,0,0,6/4H,fletcda02
241,Dominic Fletcher*,25,ARI,NL,28,102,93,10,28,5,1,2,14,0,2,7,22,0.301,0.35,0.441,0.791,116,41,0,0,2,0,1,89/7H,fletcdo01
242,Wilmer Flores,31,SFG,NL,95,337,303,43,92,19,0,18,46,0,0,27,48,0.304,0.365,0.545,0.91,147,165,8,4,0,3,1,3DH5/4,florewi01
243,Estevan Florial*,25,NYY,AL,1,0,0,0,0,0,0,0,0,0,0,0,0,,,,,,0,0,0,0,0,0,/8H,flories01
244,Mike Ford*,30,SEA,AL,57,178,158,23,35,6,0,12,26,0,0,15,58,0.222,0.303,0.487,0.791,119,77,3,4,0,1,0,DH/31,fordmi01
245,Nick Fortes,26,MIA,NL,89,265,245,26,52,6,0,5,21,3,2,13,49,0.212,0.262,0.298,0.56,53,73,10,4,2,1,0,*2/HD,forteni01
246,Jake Fraley*,28,CIN,NL,92,327,289,40,76,14,0,15,63,20,5,33,59,0.263,0.346,0.467,0.813,116,135,5,4,0,1,2,97H/D,fraleja01
247,Ty France,28,SEA,AL,124,532,471,68,120,30,0,10,51,1,0,34,93,0.255,0.338,0.382,0.721,104,180,22,26,0,1,0,*3/H,francty01
248,Wander Franco#,22,TBR,AL,112,491,442,65,124,23,6,17,58,30,10,42,69,0.281,0.344,0.475,0.819,126,210,18,3,0,4,3,*6/HD,francwa01
249,Adam Frazier*,31,BAL,AL,111,375,338,51,81,17,1,13,51,8,4,26,45,0.24,0.3,0.411,0.711,96,139,3,4,4,2,0,*4H/9D7,fraziad01
250,Clint Frazier,28,CHW,AL,33,76,66,10,13,1,1,0,3,4,2,10,23,0.197,0.303,0.242,0.545,53,16,0,0,0,0,0,9H/78,frazicl01
251,Freddie Freeman*,33,LAD,NL,126,573,500,104,168,47,2,23,85,17,1,57,95,0.336,0.412,0.576,0.988,164,288,8,11,0,5,9,*3,freemfr01
252,Tyler Freeman,24,CLE,AL,43,112,100,13,25,6,0,0,6,3,0,7,19,0.25,0.309,0.31,0.619,76,31,3,2,2,1,0,54H/D67,freemty01
253,Sal Frelick*,23,MIL,NL,26,98,76,16,19,4,0,3,16,5,0,18,14,0.25,0.388,0.421,0.809,123,32,2,1,0,3,0,98/H,frelisa01
254,TJ Friedl*,27,CIN,NL,106,426,381,54,106,19,5,11,47,24,4,31,71,0.278,0.343,0.441,0.784,109,168,0,7,6,1,1,*87H/D9,friedtj01
255,David Fry,27,CLE,AL,42,91,84,10,21,3,0,4,13,2,0,6,26,0.25,0.308,0.429,0.736,105,36,3,1,0,0,0,23H/975D1,fryda01
256,Michael Fulmer,30,CHC,NL,2,1,1,0,0,0,0,0,0,0,0,0,1,0,0,0,0,-100,0,0,0,0,0,0,1,fulmemi01
257,Cam Gallagher,30,CLE,AL,47,127,121,6,16,5,0,0,7,0,0,4,37,0.132,0.165,0.174,0.339,-4,21,2,1,0,1,0,2,gallaca01
258,Joey Gallo*,29,MIN,AL,101,313,266,37,48,9,1,20,38,0,0,45,134,0.18,0.304,0.447,0.751,103,119,3,2,0,0,1,73H9/8D,gallojo01
259,Ben Gamel*,31,SDP,NL,4,11,11,1,3,1,0,0,2,0,0,0,2,0.273,0.273,0.364,0.636,77,4,0,0,0,0,0,/7DH9,gamelbe01
260,Adolis García,30,TEX,AL,123,532,468,91,118,24,0,31,93,8,0,53,143,0.252,0.331,0.502,0.833,124,235,9,5,0,6,0,*9/8DH,garciad02
261,Avisaíl García,32,MIA,NL,37,118,108,8,20,3,1,3,12,2,0,6,39,0.185,0.241,0.315,0.556,51,34,1,2,0,0,1,97/HD8,garciav01
262,Luis García*,23,WSN,NL,100,407,378,46,98,13,4,6,42,8,4,21,51,0.259,0.293,0.362,0.656,83,137,10,0,1,7,1,*4/H,garcilu04
263,Maikel Garcia,23,KCR,AL,93,385,346,44,98,16,2,4,43,19,5,26,81,0.283,0.328,0.376,0.704,94,130,9,2,1,10,0,56/D4H,garcima01
264,Kyle Garlick,31,MIN,AL,14,30,28,2,5,1,0,2,4,0,0,2,11,0.179,0.233,0.429,0.662,76,12,0,0,0,0,0,/9H7D,garliky01
265,Stone Garrett,27,WSN,NL,89,271,234,40,63,17,0,9,40,3,1,26,82,0.269,0.343,0.457,0.801,122,107,6,3,0,5,0,7H9/D,garrest01
266,Mitch Garver,32,TEX,AL,55,212,187,25,51,10,0,10,33,0,0,24,56,0.273,0.355,0.487,0.842,128,91,3,0,0,0,0,D2/H,garvemi01
267,Zack Gelof,23,OAK,AL,35,150,136,24,40,11,1,10,19,8,1,12,40,0.294,0.36,0.61,0.97,171,83,2,2,0,0,1,4,gelofza01
268,Ian Gibaut,29,CIN,NL,1,0,0,0,0,0,0,0,0,0,0,0,0,,,,,,0,0,0,0,0,0,1,gibauia01
269,Kyle Gibson,35,BAL,AL,1,0,0,0,0,0,0,0,0,0,0,0,0,,,,,,0,0,0,0,0,0,1,gibsoky01
270,Logan Gillaspie,26,BAL,AL,1,0,0,0,0,0,0,0,0,0,0,0,0,,,,,,0,0,0,0,0,0,1,gillalo01
271,Andrés Giménez*,24,CLE,AL,122,486,435,56,105,21,4,11,45,21,3,28,88,0.241,0.311,0.384,0.695,95,167,8,17,4,2,2,*4/H,gimenan01
272,Kevin Ginkel*,29,ARI,NL,1,0,0,0,0,0,0,0,0,0,0,0,0,,,,,,0,0,0,0,0,0,1,ginkeke01
273,Paul Goldschmidt,35,STL,NL,124,559,486,73,135,25,0,20,66,10,2,67,122,0.278,0.367,0.453,0.82,124,220,11,3,0,2,3,*3D,goldspa01
274,Yan Gomes,35,CHC,NL,87,317,291,37,80,15,2,9,45,1,0,15,65,0.275,0.315,0.433,0.748,98,126,7,5,0,6,1,2D/H,gomesya01
275,Nick Gonzales,24,PIT,NL,31,112,102,11,22,6,1,2,13,0,1,4,31,0.216,0.268,0.353,0.621,67,36,0,4,0,2,0,4/6H,gonzani01
276,Oscar Gonzalez,25,CLE,AL,47,156,149,13,33,6,2,2,11,0,0,5,37,0.221,0.25,0.329,0.579,61,49,2,1,0,1,0,9D/H7,gonzaos01
277,Romy Gonzalez,26,CHW,AL,44,97,93,11,18,4,2,3,14,7,0,2,36,0.194,0.208,0.376,0.585,56,35,0,0,1,1,0,4H/9D7658,gonzaro01
278,Victor González*,27,LAD,NL,2,0,0,0,0,0,0,0,0,0,0,0,0,,,,,,0,0,0,0,0,0,1,gonzavi02
279,Nick Gordon*,27,MIN,AL,34,93,91,13,16,5,1,2,7,0,0,1,11,0.176,0.185,0.319,0.503,34,29,1,0,1,0,0,874H/6,gordoni01
280,Nolan Gorman*,23,STL,NL,104,406,357,50,86,16,0,24,67,6,2,44,126,0.241,0.328,0.487,0.815,120,174,4,3,0,2,1,4D5H,gormano01
281,Yasmani Grandal#,34,CHW,AL,105,366,328,31,77,12,0,8,32,0,0,32,84,0.235,0.309,0.345,0.653,79,113,8,4,0,2,1,2DH/3,grandya01
282,Brusdar Graterol,24,LAD,NL,1,0,0,0,0,0,0,0,0,0,0,0,0,,,,,,0,0,0,0,0,0,1,gratebr01
283,Kendall Graveman,32,TOT,AL,1,0,0,0,0,0,0,0,0,0,0,0,0,,,,,,0,0,0,0,0,0,1,graveke01
284,Kendall Graveman,32,HOU,AL,1,0,0,0,0,0,0,0,0,0,0,0,0,,,,,,0,0,0,0,0,0,1,graveke01
285,Jon Gray,31,TEX,AL,1,0,0,0,0,0,0,0,0,0,0,0,0,,,,,,0,0,0,0,0,0,1,grayjo02
286,Riley Greene*,22,DET,AL,91,383,349,49,103,18,4,11,33,6,0,32,108,0.295,0.355,0.464,0.819,124,162,6,1,0,1,0,8/DH97,greenri03
287,Zack Greinke,39,KCR,AL,1,0,0,0,0,0,0,0,0,0,0,0,0,,,,,,0,0,0,0,0,0,1,greinza01
288,Randal Grichuk,31,TOT,MLB,86,347,320,44,86,21,2,11,34,2,2,21,72,0.269,0.32,0.45,0.77,99,144,9,4,0,2,2,798D/H,grichra01
289,Randal Grichuk,31,COL,NL,64,263,240,40,74,19,1,8,27,2,2,18,51,0.308,0.365,0.496,0.861,120,119,6,4,0,1,2,987D/H,grichra01
290,Randal Grichuk,31,LAA,AL,22,84,80,4,12,2,1,3,7,0,0,3,21,0.15,0.179,0.313,0.491,29,25,3,0,0,1,0,7,grichra01
291,Trent Grisham*,26,SDP,NL,123,459,390,56,81,26,1,12,40,12,3,60,134,0.208,0.319,0.372,0.69,94,145,5,4,3,1,0,*8/H,grishtr01
292,Vaughn Grissom,22,ATL,NL,23,80,75,5,21,3,1,0,9,0,1,2,15,0.28,0.313,0.347,0.659,77,26,2,2,0,1,0,6/4H,grissva01
293,Robbie Grossman#,33,TEX,AL,90,329,286,46,66,19,1,8,38,0,0,35,81,0.231,0.313,0.388,0.701,91,111,5,2,0,6,0,7D9H,grossro01
294,Vladimir Guerrero Jr.,24,TOR,AL,124,540,478,57,128,25,0,18,73,4,3,50,82,0.268,0.344,0.433,0.777,115,207,18,8,0,4,3,*3D/H,guerrvl02
295,Luis Guillorme*,28,NYM,NL,50,114,101,12,24,6,1,1,9,0,0,10,28,0.238,0.304,0.347,0.65,80,35,3,0,2,1,1,45/H61,guilllu01
296,Lourdes Gurriel Jr.,29,ARI,NL,113,462,429,51,111,26,2,19,66,4,0,26,77,0.259,0.307,0.462,0.769,108,198,16,5,0,2,1,7D/H3,gurrilo01
297,Yuli Gurriel,39,MIA,NL,82,289,261,27,67,14,3,3,20,4,0,23,38,0.257,0.315,0.368,0.683,87,96,11,1,0,4,2,3H/D,gourryu01
298,Dalton Guthrie,27,PHI,NL,23,28,24,4,4,1,0,0,0,0,0,3,7,0.167,0.286,0.208,0.494,39,5,0,1,0,0,0,7/8H95,guthrda01
299,Eric Haase,30,TOT,AL,87,286,268,22,54,8,1,4,26,3,1,16,79,0.201,0.246,0.284,0.529,46,76,11,0,1,1,1,27H/D9,haaseer01
300,Eric Haase,30,DET,AL,86,282,264,22,53,8,1,4,26,3,1,16,78,0.201,0.246,0.284,0.53,46,75,10,0,1,1,1,27H/D9,haaseer01
301,Eric Haase,30,CLE,AL,1,4,4,0,1,0,0,0,0,0,0,0,1,0.25,0.25,0.25,0.5,42,1,1,0,0,0,0,/2,haaseer01
302,Josh Hader*,29,SDP,NL,1,0,0,0,0,0,0,0,0,0,0,0,0,,,,,,0,0,0,0,0,0,1,haderjo01
303,Sam Haggerty#,29,SEA,AL,32,62,53,10,11,2,0,1,3,4,1,7,11,0.208,0.311,0.302,0.613,75,16,0,1,1,0,0,H/47D389,haggesa01
304,Darick Hall*,27,PHI,NL,18,56,54,2,9,1,0,1,3,0,0,2,18,0.167,0.196,0.241,0.437,19,13,2,0,0,0,0,3/H,hallda02
305,Billy Hamilton,32,CHW,AL,3,2,2,2,0,0,0,0,0,2,0,0,1,0,0,0,0,-100,0,0,0,0,0,0,/H9,hamilbi02
306,Caleb Hamilton,28,BOS,AL,4,6,5,0,0,0,0,0,0,0,0,1,5,0,0.167,0,0.167,-49,0,0,0,0,0,0,/2,hamilca01
307,David Hamilton*,25,BOS,AL,13,34,29,2,4,2,0,0,0,2,1,5,10,0.138,0.265,0.207,0.472,31,6,1,0,0,0,0,6/H,hamilda03
308,Garrett Hampson,28,MIA,NL,69,157,139,23,38,10,1,1,12,3,0,12,42,0.273,0.344,0.381,0.725,99,53,1,3,3,0,0,8H964/D75,hampsga01
309,Mitch Haniger,32,SFG,NL,40,160,148,20,34,9,0,4,22,1,0,9,42,0.23,0.281,0.372,0.653,79,55,2,2,0,1,0,7/9HD,hanigmi01
310,Ian Happ#,28,CHC,NL,124,539,449,65,107,23,4,14,59,11,2,81,125,0.238,0.358,0.401,0.759,103,180,9,5,0,4,2,*7/DH,happia01
311,Bryce Harper*,30,PHI,NL,93,406,348,59,104,23,0,12,47,7,3,51,93,0.299,0.392,0.468,0.86,135,163,8,4,0,3,4,D3/H,harpebr03
312,Michael Harris II*,22,ATL,NL,103,393,362,54,102,20,3,11,39,17,2,24,75,0.282,0.329,0.445,0.774,105,161,7,3,1,3,1,*8/H,harrimi04
313,Josh Harrison,35,PHI,NL,40,114,103,8,21,3,0,2,10,0,0,3,20,0.204,0.263,0.291,0.554,52,30,2,6,0,2,0,5H4/719D,harrijo05
314,Adam Haseley*,27,CHW,AL,28,39,36,6,8,2,0,0,2,1,0,3,8,0.222,0.282,0.278,0.56,55,10,1,0,0,0,0,9/H87D,haselad01
315,Ke'Bryan Hayes,26,PIT,NL,94,390,368,42,95,21,6,9,46,9,5,20,78,0.258,0.295,0.421,0.716,92,155,9,0,0,2,0,*5/H,hayeske01
316,Austin Hays,27,BAL,AL,113,451,416,58,117,31,2,12,51,3,1,29,107,0.281,0.328,0.452,0.78,115,188,9,2,0,4,1,*7/89HD,haysau01
317,Taylor Hearn*,28,TOT,MLB,1,0,0,0,0,0,0,0,0,0,0,0,0,,,,,,0,0,0,0,0,0,1,hearnta01
318,Taylor Hearn*,28,TOT,AL,1,0,0,0,0,0,0,0,0,0,0,0,0,,,,,,0,0,0,0,0,0,1-Jan,hearnta01
319,Taylor Hearn*,28,TEX,AL,1,0,0,0,0,0,0,0,0,0,0,0,0,,,,,,0,0,0,0,0,0,/1,hearnta01
320,Jonathan Heasley,26,KCR,AL,1,0,0,0,0,0,0,0,0,0,0,0,0,,,,,,0,0,0,0,0,0,1,heasljo01
321,Austin Hedges,30,TOT,MLB,70,193,166,13,29,5,0,1,14,1,0,11,40,0.175,0.231,0.223,0.454,24,37,7,2,10,3,0,2,hedgeau01
322,Austin Hedges,30,PIT,NL,65,187,161,13,29,5,0,1,14,1,0,11,39,0.18,0.237,0.23,0.467,28,37,7,2,9,3,0,2,hedgeau01
323,Austin Hedges,30,TEX,AL,5,6,5,0,0,0,0,0,0,0,0,0,1,0,0,0,0,-100,0,0,0,1,0,0,/2,hedgeau01
324,Jonah Heim#,28,TEX,AL,98,385,352,50,94,23,0,14,70,2,0,30,70,0.267,0.325,0.452,0.776,110,159,9,1,0,2,2,*2/DH,heimjo01
325,Tyler Heineman#,32,TOT,MLB,12,30,25,2,6,1,0,0,0,1,0,5,6,0.24,0.367,0.28,0.647,83,7,0,0,0,0,0,2/H,heinety01
326,Tyler Heineman#,32,PIT,NL,3,10,9,1,1,0,0,0,0,1,0,1,1,0.111,0.2,0.111,0.311,-12,1,0,0,0,0,0,/2,heinety01
327,Tyler Heineman#,32,TOR,AL,9,20,16,1,5,1,0,0,0,0,0,4,5,0.313,0.45,0.375,0.825,134,6,0,0,0,0,0,/2H,heinety01
328,Ryan Helsley,28,STL,NL,1,0,0,0,0,0,0,0,0,0,0,0,0,,,,,,0,0,0,0,0,0,1,helslry01
329,Gunnar Henderson*,22,BAL,AL,116,467,415,71,103,20,6,21,62,7,2,47,125,0.248,0.328,0.477,0.805,121,198,8,3,0,2,1,56D/H,hendegu01
330,David Hensley,27,HOU,AL,30,94,84,12,10,1,0,1,3,1,0,10,35,0.119,0.213,0.167,0.379,7,14,0,0,0,0,0,D/4H375,henslda01
331,Carlos Hernández,26,KCR,AL,1,0,0,0,0,0,0,0,0,0,0,0,0,,,,,,0,0,0,0,0,0,1,hernaca04
332,Enrique Hernández,31,TOT,MLB,111,412,378,49,90,21,0,8,46,3,1,28,79,0.238,0.294,0.357,0.651,75,135,17,3,0,3,0,648/573H,hernaen02
333,Enrique Hernández,31,BOS,AL,86,323,297,38,66,11,0,6,31,3,1,22,68,0.222,0.279,0.32,0.599,62,95,11,2,0,2,0,648/H,hernaen02
334,Enrique Hernández,31,LAD,NL,25,89,81,11,24,10,0,2,15,0,0,6,11,0.296,0.348,0.494,0.842,125,40,6,1,0,1,0,4/57368H,hernaen02
335,Teoscar Hernández,30,SEA,AL,126,531,491,54,127,25,2,19,69,6,2,29,163,0.259,0.305,0.434,0.739,106,213,6,6,0,5,2,*9D/H,hernate01
336,Yonny Hernández#,25,LAD,NL,14,27,22,5,3,1,0,0,4,0,0,2,8,0.136,0.231,0.182,0.413,14,4,0,1,1,1,0,/4H51,hernayo02
337,Iván Herrera,23,STL,NL,8,26,23,3,8,1,0,0,2,0,0,2,9,0.348,0.423,0.391,0.814,127,9,0,1,0,0,0,/2,herreiv01
338,Jose Herrera#,26,ARI,NL,35,103,84,12,18,4,0,0,7,1,0,13,25,0.214,0.316,0.262,0.578,62,22,2,0,5,1,0,2/1H,herrejo04
339,Jason Heyward*,33,LAD,NL,95,279,239,45,59,16,0,11,29,2,2,31,51,0.247,0.337,0.452,0.789,111,108,5,3,0,3,1,98H/3D7,heywaja01
340,Aaron Hicks#,33,TOT,AL,71,231,203,34,48,6,1,7,25,3,0,27,55,0.236,0.325,0.379,0.704,96,77,1,0,0,1,0,87/HD9,hicksaa01
341,Aaron Hicks#,33,NYY,AL,28,76,69,9,13,2,0,1,5,0,0,7,20,0.188,0.263,0.261,0.524,46,18,0,0,0,0,0,7/8HD,hicksaa01
342,Aaron Hicks#,33,BAL,AL,43,155,134,25,35,4,1,6,20,3,0,20,35,0.261,0.355,0.44,0.795,121,59,1,0,0,1,0,8/9D7H,hicksaa01
343,Kyle Higashioka,33,NYY,AL,80,221,205,20,47,9,0,8,31,0,0,12,60,0.229,0.268,0.39,0.658,79,80,3,0,1,3,0,2/HD,higasky01
344,Derek Hill,27,WSN,NL,13,50,47,3,8,1,0,0,1,1,0,3,11,0.17,0.22,0.191,0.411,17,9,0,0,0,0,0,8,hillde01
345,Sam Hilliard*,29,ATL,NL,40,78,72,15,17,5,0,3,6,4,0,6,33,0.236,0.295,0.431,0.725,91,31,1,0,0,0,0,8H/7D9,hillisa01
346,Nico Hoerner,26,CHC,NL,118,544,496,75,138,23,4,9,62,33,5,36,72,0.278,0.336,0.395,0.732,95,196,10,9,0,3,0,*46/DH,hoernni01
347,TJ Hopkins,26,CIN,NL,23,40,37,6,7,0,0,0,1,1,0,2,13,0.189,0.25,0.189,0.439,21,7,1,1,0,0,0,H/9D7,hopkitj01
348,Spencer Horwitz*,25,TOR,AL,3,10,8,1,2,0,0,0,1,0,0,2,3,0.25,0.4,0.25,0.65,88,2,0,0,0,0,0,/D,horwisp01
349,Eric Hosmer*,33,CHC,NL,31,100,94,7,22,3,0,2,14,0,0,6,25,0.234,0.28,0.33,0.61,62,31,5,0,0,0,0,3D/H,hosmeer01
350,Sam Huff,25,TEX,AL,16,40,38,3,9,2,0,1,3,0,0,2,15,0.237,0.275,0.368,0.643,75,14,1,0,0,0,0,/2D3H,huffsa01
351,Cooper Hummel#,28,SEA,AL,10,26,23,2,2,1,0,0,0,1,0,2,9,0.087,0.192,0.13,0.323,-6,3,1,1,0,0,0,/DH79,hummeco01
352,Tommy Hunter,36,NYM,NL,2,0,0,0,0,0,0,0,0,0,0,0,0,,,,,,0,0,0,0,0,0,1,hunteto02
353,Andy Ibáñez,30,DET,AL,84,278,266,33,66,18,1,9,26,0,0,11,54,0.248,0.281,0.425,0.705,91,113,6,1,0,0,0,45H7/9D3,ibanean01
354,Jonathan India,26,CIN,NL,103,453,394,68,99,20,0,14,52,12,2,39,91,0.251,0.336,0.409,0.744,99,161,12,14,0,6,0,*4D/H,indiajo01
355,Kyle Isbel*,26,KCR,AL,70,246,233,31,56,18,1,4,24,6,1,9,45,0.24,0.269,0.378,0.647,76,88,4,1,1,2,0,8/HD,isbelky01
356,Drey Jameson,25,ARI,NL,1,0,0,0,0,0,0,0,0,0,0,0,0,,,,,,0,0,0,0,0,0,1,jamesdr01
357,Travis Jankowski*,32,TEX,AL,84,256,220,33,63,12,1,1,29,17,1,31,36,0.286,0.376,0.364,0.74,105,80,3,2,1,2,0,78H/9D,jankotr01
358,Danny Jansen,28,TOR,AL,81,280,253,33,56,14,0,15,50,0,0,19,59,0.221,0.296,0.455,0.751,105,115,3,8,0,0,1,2H/D,janseda01
359,Kenley Jansen#,35,BOS,AL,1,0,0,0,0,0,0,0,0,0,0,0,0,,,,,,0,0,0,0,0,0,1,janseke01
360,Ryan Jeffers,26,MIN,AL,74,246,209,32,59,12,1,10,28,3,1,25,71,0.282,0.38,0.493,0.873,138,103,6,8,4,0,0,2/HD,jeffery01
361,Eloy Jiménez,26,CHW,AL,88,360,336,36,92,15,0,14,51,0,0,22,75,0.274,0.317,0.443,0.76,106,149,11,0,0,2,1,D9/H,jimenel02
362,Joe Jiménez,28,ATL,NL,1,0,0,0,0,0,0,0,0,0,0,0,0,,,,,,0,0,0,0,0,0,1,jimenjo02
363,Connor Joe,30,PIT,NL,106,367,318,52,81,27,3,9,33,3,5,40,94,0.255,0.351,0.443,0.795,114,141,4,8,0,1,0,937H/D,joeco01
364,Bryce Johnson#,27,SFG,NL,30,48,43,7,7,1,0,1,3,3,0,4,15,0.163,0.229,0.256,0.485,34,11,0,0,0,1,0,8/H7,johnsbr03
365,Pierce Johnson,32,TOT,NL,1,0,0,0,0,0,0,0,0,0,0,0,0,,,,,,0,0,0,0,0,0,1,johnspi01
366,Pierce Johnson,32,COL,NL,1,0,0,0,0,0,0,0,0,0,0,0,0,,,,,,0,0,0,0,0,0,1,johnspi01
367,Jahmai Jones,25,MIL,NL,7,11,10,2,2,1,0,0,3,1,0,1,5,0.2,0.273,0.3,0.573,58,3,0,0,0,0,0,/DH4,jonesja08
368,Nolan Jones*,25,COL,NL,71,272,241,35,68,15,1,13,39,8,1,29,91,0.282,0.36,0.515,0.875,123,124,1,1,0,1,1,973/H58,jonesno01
369,Aaron Judge,31,NYY,AL,73,315,255,56,71,11,0,28,55,3,1,57,86,0.278,0.406,0.651,1.057,186,166,4,0,0,3,4,9D8/H,judgeaa01
370,Edouard Julien*,24,MIN,AL,77,278,237,39,68,12,1,10,22,3,0,35,83,0.287,0.379,0.473,0.852,132,112,4,2,1,3,0,4HD/3,julieed01
371,Corey Julks,27,HOU,AL,90,320,295,35,71,14,0,6,32,15,3,22,74,0.241,0.294,0.349,0.643,76,103,6,1,0,2,0,7DH/9,julksco01
372,Josh Jung,25,TEX,AL,109,461,427,70,117,24,1,22,67,1,3,28,135,0.274,0.323,0.489,0.813,119,209,6,4,0,2,0,*5/H,jungjo01
373,Jakob Junis,30,SFG,NL,1,0,0,0,0,0,0,0,0,0,0,0,0,,,,,,0,0,0,0,0,0,1,junisja01
374,Connor Kaiser,26,COL,NL,3,4,4,0,0,0,0,0,0,0,0,0,2,0,0,0,0,-100,0,0,0,0,0,0,/6H,kaiseco01
375,Karl Kauffmann,25,COL,NL,1,0,0,0,0,0,0,0,0,0,0,0,0,,,,,,0,0,0,0,0,0,/1,kauffka01
376,Anthony Kay*,28,CHC,NL,4,0,0,0,0,0,0,0,0,0,0,0,0,,,,,,0,0,0,0,0,0,1,kayan01
377,Jarred Kelenic*,23,SEA,AL,90,362,326,43,82,24,2,11,45,12,4,33,118,0.252,0.32,0.439,0.759,112,143,6,1,0,2,3,*79/8DH,kelenja01
378,Carson Kelly,28,TOT,MLB,33,96,88,6,19,3,0,1,6,1,0,7,25,0.216,0.271,0.284,0.555,53,25,2,0,0,1,0,1-Feb,kellyca02
379,Carson Kelly,28,ARI,NL,32,92,84,6,19,3,0,1,6,1,0,7,23,0.226,0.283,0.298,0.58,60,25,2,0,0,1,0,1-Feb,kellyca02
380,Carson Kelly,28,DET,AL,1,4,4,0,0,0,0,0,0,0,0,0,2,0,0,0,0,-100,0,0,0,0,0,0,/2,kellyca02
381,Tony Kemp*,31,OAK,AL,100,347,299,36,65,13,3,4,24,12,2,34,31,0.217,0.305,0.321,0.626,80,96,7,5,6,3,0,47H/D,kempto01
382,Buddy Kennedy,24,ARI,NL,8,24,19,1,2,0,0,0,1,0,0,4,4,0.105,0.292,0.105,0.397,16,2,0,1,0,0,0,/5HD,kennebu01
383,Max Kepler*,30,MIN,AL,99,363,329,50,79,15,0,20,48,0,1,27,80,0.24,0.303,0.468,0.771,107,154,8,4,0,3,0,*9H/D,keplema01
384,Grae Kessinger,25,HOU,AL,19,41,36,2,7,2,0,1,1,0,1,5,10,0.194,0.293,0.333,0.626,72,12,0,0,0,0,0,/63H54,kessigr01
385,Carter Kieboom,25,WSN,NL,2,7,7,2,3,1,0,1,1,0,0,0,2,0.429,0.429,1,1.429,283,7,0,0,0,0,0,/5,kieboca01
386,Kevin Kiermaier*,33,TOR,AL,100,314,285,42,77,14,5,6,30,11,0,22,67,0.27,0.329,0.418,0.747,106,119,7,4,1,2,0,*8/HD,kiermke01
387,Ha-Seong Kim,27,SDP,NL,123,489,422,72,118,20,0,17,49,28,8,58,96,0.28,0.368,0.448,0.816,129,189,5,3,3,3,0,456/HD,kimha01
388,Isiah Kiner-Falefa,28,NYY,AL,98,309,277,37,70,10,1,6,35,10,5,26,55,0.253,0.318,0.361,0.679,88,100,11,2,1,3,0,875H/9146,kineris01
389,John King*,28,TOT,MLB,1,0,0,0,0,0,0,0,0,0,0,0,0,,,,,,0,0,0,0,0,0,1,kingjo01
390,John King*,28,TEX,AL,1,0,0,0,0,0,0,0,0,0,0,0,0,,,,,,0,0,0,0,0,0,1,kingjo01
391,Alex Kirilloff*,25,MIN,AL,69,258,226,24,61,13,1,8,32,0,0,25,69,0.27,0.357,0.442,0.799,118,100,1,6,0,1,1,397/HD,kirilal01
392,Alejandro Kirk,24,TOR,AL,93,319,283,23,69,7,0,6,30,0,0,29,34,0.244,0.326,0.332,0.658,84,94,17,6,0,1,1,2HD,kirkal01
393,Andrew Knizner,28,STL,NL,54,182,170,27,45,8,0,10,28,1,0,10,43,0.265,0.309,0.488,0.798,115,83,3,1,1,0,0,2/H3D,kniznan01
394,Taylor Kohlwey*,28,SDP,NL,5,13,13,0,2,0,0,0,0,0,0,0,5,0.154,0.154,0.154,0.308,-13,2,0,0,0,0,0,/7DH9,kohlwta01
395,Mark Kolozsvary,27,BAL,AL,1,0,0,0,0,0,0,0,0,0,0,0,0,,,,,,0,0,0,0,0,0,/2,kolozma01
396,Ryan Kreidler,25,DET,AL,11,18,18,2,2,0,0,0,0,0,0,0,7,0.111,0.111,0.111,0.222,-38,2,0,0,0,0,0,/456DH,kreidry01
397,Steven Kwan*,25,CLE,AL,126,567,507,77,137,28,6,5,43,16,2,52,59,0.27,0.339,0.379,0.718,102,192,8,3,1,4,2,*7/HD,kwanst01
398,Tommy La Stella*,34,SEA,AL,12,24,21,2,4,1,0,0,2,0,0,3,5,0.19,0.292,0.238,0.53,53,5,0,0,0,0,0,/DH,lasteto01
399,Jake Lamb*,32,LAA,AL,18,54,51,7,11,1,0,2,5,0,0,3,15,0.216,0.259,0.353,0.612,64,18,1,0,0,0,0,3/H1,lambja01
400,Shea Langeliers,25,OAK,AL,107,395,361,40,75,15,3,15,45,2,2,28,115,0.208,0.272,0.391,0.662,87,141,9,4,1,1,2,*2/DH,langesh01
401,Trevor Larnach*,26,MIN,AL,50,188,162,23,35,6,3,6,32,1,1,24,67,0.216,0.314,0.401,0.715,95,65,1,0,0,2,1,79/HD,larnatr01
402,Ramón Laureano,28,TOT,AL,77,291,265,28,56,12,3,6,24,9,0,21,85,0.211,0.282,0.347,0.629,79,92,6,5,0,0,0,9/8HD,laurera01
403,Ramón Laureano,28,OAK,AL,64,246,225,24,48,10,3,6,21,8,0,17,73,0.213,0.28,0.364,0.645,83,82,5,4,0,0,0,9/H8D,laurera01
404,Ramón Laureano,28,CLE,AL,13,45,40,4,8,2,0,0,3,1,0,4,12,0.2,0.289,0.25,0.539,54,10,1,1,0,0,0,/98H,laurera01
405,Justin Lawrence,28,COL,NL,1,0,0,0,0,0,0,0,0,0,0,0,0,,,,,,0,0,0,0,0,0,1,lawreju01
406,Korey Lee,24,CHW,AL,1,4,4,1,1,0,0,0,0,0,0,0,1,0.25,0.25,0.25,0.5,38,1,0,0,0,0,0,/2,leeko01
407,Mark Leiter Jr.,32,CHC,NL,1,0,0,0,0,0,0,0,0,0,0,0,0,,,,,,0,0,0,0,0,0,1,leitema02
408,DJ LeMahieu,34,NYY,AL,105,423,376,38,90,18,2,9,31,0,2,42,97,0.239,0.319,0.37,0.689,90,139,8,3,0,2,2,53/4HD,lemahdj01
409,Sandy León#,34,TEX,AL,21,44,41,4,6,2,0,0,4,0,0,1,20,0.146,0.186,0.195,0.381,5,8,2,1,1,0,0,2/1H,leonsa01
410,Josh Lester*,28,BAL,AL,11,23,22,0,4,0,0,0,4,0,0,1,7,0.182,0.217,0.182,0.399,14,4,1,0,0,0,0,/3HD519,lestejo02
411,Kyle Lewis,27,ARI,NL,16,54,51,2,8,2,0,1,2,0,0,3,21,0.157,0.204,0.255,0.459,25,13,0,0,0,0,0,D/H7,lewisky01
412,Royce Lewis,24,MIN,AL,34,133,125,15,41,5,0,6,20,2,1,6,34,0.328,0.368,0.512,0.88,138,64,2,2,0,0,0,5/DH6,lewisro02
413,Francisco Lindor#,29,NYM,NL,126,542,474,82,121,29,2,23,78,22,2,53,113,0.255,0.339,0.47,0.81,122,223,7,10,0,5,0,*6/DH,lindofr01
414,Tim Locastro,30,NYM,NL,21,24,18,6,3,0,0,1,1,4,0,3,5,0.167,0.375,0.333,0.708,99,6,0,3,0,0,0,/7H8D9,locasti01
415,Evan Longoria,37,ARI,NL,57,185,166,24,39,9,0,11,24,0,0,17,60,0.235,0.303,0.488,0.791,113,81,5,0,0,2,0,5D/H,longoev01
416,Nicky Lopez*,28,TOT,MLB,78,219,187,24,45,6,3,1,21,5,2,23,34,0.241,0.34,0.321,0.66,84,60,3,5,4,0,0,45H/637D1,lopezni01
417,Nicky Lopez*,28,KCR,AL,68,190,160,19,34,5,3,0,13,4,2,21,30,0.213,0.323,0.281,0.604,69,45,3,5,4,0,0,45/H637D,lopezni01
418,Nicky Lopez*,28,ATL,NL,10,29,27,5,11,1,0,1,8,1,0,2,4,0.407,0.448,0.556,1.004,168,15,0,0,0,0,0,/41H6,lopezni01
419,Brandon Lowe*,28,TBR,AL,85,338,294,43,64,10,1,16,49,6,0,39,94,0.218,0.317,0.422,0.738,104,124,5,4,0,1,0,4/HD,lowebr01
420,Josh Lowe*,25,TBR,AL,105,385,359,54,101,23,2,17,68,25,2,23,98,0.281,0.325,0.499,0.823,125,179,4,1,0,2,1,9DH8/7,lowejo01
421,Nathaniel Lowe*,27,TEX,AL,126,569,494,77,138,35,2,15,67,0,0,69,124,0.279,0.369,0.449,0.818,124,222,13,3,0,3,2,*3,lowena01
422,Marco Luciano,21,SFG,NL,4,12,11,2,3,1,0,0,0,0,0,1,5,0.273,0.333,0.364,0.697,93,4,0,0,0,0,0,/6D,luciama01
423,Nathan Lukes*,28,TOR,AL,28,30,25,4,5,1,1,0,2,0,0,4,9,0.2,0.3,0.32,0.62,73,8,0,0,0,1,0,9H/D78,lukesna01
424,Jordan Luplow,29,TOT,AL,19,50,43,4,10,2,0,1,3,2,0,6,17,0.233,0.34,0.349,0.689,91,15,1,1,0,0,1,/7H9D31,luplojo01
425,Jordan Luplow,29,TOR,AL,7,17,14,1,3,0,0,0,1,0,0,3,8,0.214,0.353,0.214,0.567,64,3,0,0,0,0,1,/9HD,luplojo01
426,Jordan Luplow,29,MIN,AL,12,33,29,3,7,2,0,1,2,2,0,3,9,0.241,0.333,0.414,0.747,104,12,1,1,0,0,0,/7HD319,luplojo01
427,Manny Machado,30,SDP,NL,112,484,432,63,108,18,0,24,74,3,2,44,87,0.25,0.318,0.458,0.777,115,198,17,2,0,6,0,*5D,machama01
428,Nick Madrigal,26,CHC,NL,71,228,206,29,58,13,1,2,23,9,2,9,19,0.282,0.336,0.383,0.72,92,79,3,8,5,0,0,5H4/D,madrini01
429,Bligh Madris*,27,HOU,AL,12,30,26,4,4,1,0,0,0,0,0,4,7,0.154,0.267,0.192,0.459,30,5,0,0,0,0,0,/HD371,madribl01
430,Drew Maggi,34,PIT,NL,3,6,6,1,2,1,0,0,1,0,0,0,1,0.333,0.333,0.5,0.833,122,3,0,0,0,0,0,/5HD,maggidr01
431,Luke Maile,32,CIN,NL,57,150,137,13,33,10,0,5,20,1,0,9,38,0.241,0.302,0.423,0.725,92,58,6,3,1,0,0,2/1DH,mailelu01
432,Martín Maldonado,36,HOU,AL,93,326,289,25,52,10,0,10,26,0,0,24,110,0.18,0.25,0.318,0.568,55,92,8,3,10,0,0,*2/1,maldoma01
433,Trey Mancini,31,CHC,NL,79,263,235,31,55,12,0,4,28,0,0,21,78,0.234,0.299,0.336,0.635,70,79,5,2,0,3,1,3DH/9,mancitr01
434,Tucupita Marcano*,23,PIT,NL,75,220,202,16,47,12,2,3,18,5,2,10,35,0.233,0.276,0.356,0.633,70,72,2,3,3,2,0,64H/5D,marcatu01
435,Manuel Margot,28,TBR,AL,85,280,257,33,64,16,1,3,30,8,3,17,51,0.249,0.3,0.354,0.654,82,91,6,3,0,3,0,98H,margoma01
436,Jake Marisnick,32,TOT,MLB,46,83,76,10,18,3,2,2,10,2,3,3,21,0.237,0.28,0.408,0.688,86,31,4,2,1,1,0,8/H9D,marisja01
437,Jake Marisnick,32,TOT,AL,42,77,71,10,16,3,2,2,10,2,2,3,21,0.225,0.263,0.408,0.672,81,29,4,1,1,1,0,8/9HD,marisja01
438,Jake Marisnick,32,CHW,AL,9,2,2,1,0,0,0,0,0,0,0,0,1,0,0,0,0,-100,0,0,0,0,0,0,/98DH,marisja01
439,Jake Marisnick,32,DET,AL,33,75,69,9,16,3,2,2,10,2,2,3,20,0.232,0.27,0.42,0.691,86,29,4,1,1,1,0,8/HD,marisja01
440,Jake Marisnick,32,LAD,NL,4,6,5,0,2,0,0,0,0,0,1,0,0,0.4,0.5,0.4,0.9,149,2,0,1,0,0,0,/8H,marisja01
441,Cade Marlowe*,26,SEA,AL,27,89,78,13,19,3,2,2,8,4,2,11,26,0.244,0.337,0.41,0.747,110,32,1,0,0,0,0,7/H8D9,marloca01
442,Brandon Marsh*,25,PHI,NL,104,372,321,43,91,20,6,8,44,7,2,43,111,0.283,0.372,0.458,0.83,126,147,4,4,1,3,2,*8H7/9D,marshbr02
443,Ketel Marte#,29,ARI,NL,120,523,462,79,127,19,7,20,63,6,2,53,87,0.275,0.354,0.476,0.83,126,220,13,5,0,3,2,*4/DH8,marteke01
444,Noelvi Marte,21,CIN,NL,5,16,14,1,3,2,0,0,1,3,0,2,4,0.214,0.313,0.357,0.67,79,5,0,0,0,0,0,/5H,marteno01
445,Starling Marte,34,NYM,NL,86,341,315,38,78,7,1,5,28,24,4,16,69,0.248,0.301,0.324,0.625,74,102,8,8,2,0,1,9/H8,martest01
446,J.D. Martinez,35,LAD,NL,92,390,351,49,90,23,2,25,78,1,0,28,122,0.256,0.309,0.547,0.856,125,192,9,2,0,7,1,*D/7H,martijd02
447,J.P. Martínez*,27,TEX,AL,10,32,28,5,8,1,0,0,3,0,0,2,9,0.286,0.313,0.321,0.634,75,9,0,0,0,2,0,/7H89D,martijp01
448,Seth Martinez,28,HOU,AL,1,0,0,0,0,0,0,0,0,0,0,0,0,,,,,,0,0,0,0,0,0,1,martise01
449,Nick Martini*,33,CIN,NL,3,7,6,0,0,0,0,0,0,0,0,1,1,0,0.143,0,0.143,-57,0,0,0,0,0,0,/DH9,martini02
450,Michael Massey*,25,KCR,AL,101,360,332,28,75,13,1,10,43,6,2,20,79,0.226,0.273,0.361,0.634,73,120,3,3,1,4,0,*4H/D,massemi02
451,Miles Mastrobuoni*,27,CHC,NL,44,114,100,15,21,3,0,1,4,10,0,12,26,0.21,0.295,0.27,0.565,53,27,1,0,2,0,0,5H/D94671,mastrmi01
452,Jorge Mateo,28,BAL,AL,98,303,277,47,58,13,2,7,32,26,4,17,71,0.209,0.255,0.347,0.602,66,96,7,1,4,3,0,*6/H8D,mateojo01
453,Mark Mathias,28,TOT,NL,27,72,62,6,14,2,0,0,6,3,0,10,15,0.226,0.333,0.258,0.591,65,16,4,0,0,0,0,4/HD9,mathima01
454,Mark Mathias,28,PIT,NL,22,62,52,5,12,2,0,0,4,3,0,10,11,0.231,0.355,0.269,0.624,74,14,3,0,0,0,0,4/HD9,mathima01
455,Mark Mathias,28,SFG,NL,5,10,10,1,2,0,0,0,2,0,0,0,4,0.2,0.2,0.2,0.4,11,2,1,0,0,0,0,/4H,mathima01
456,Nick Maton*,26,DET,AL,93,293,249,29,43,9,0,8,32,1,2,38,73,0.173,0.288,0.305,0.593,64,76,4,3,1,2,1,54HD/6,matonni01
457,Phil Maton,30,HOU,AL,3,0,0,0,0,0,0,0,0,0,0,0,0,,,,,,0,0,0,0,0,0,1,matonph01
458,Luis Matos,21,SFG,NL,54,184,166,19,41,8,1,2,10,3,0,14,22,0.247,0.313,0.343,0.657,82,57,3,2,2,0,0,8/7H9D,matoslu02
459,Tim Mayza*,31,TOR,AL,2,0,0,0,0,0,0,0,0,0,0,0,0,,,,,,0,0,0,0,0,0,1,mayzati01
460,James McArthur,26,KCR,AL,1,0,0,0,0,0,0,0,0,0,0,0,0,,,,,,0,0,0,0,0,0,/1,mcartja01
461,James McCann,33,BAL,AL,51,166,151,19,37,12,0,4,21,3,1,6,39,0.245,0.288,0.404,0.692,91,61,3,4,3,2,0,2/DH31,mccanja02
462,Jake McCarthy*,25,ARI,NL,86,291,257,33,63,6,5,2,14,26,3,26,56,0.245,0.325,0.331,0.656,82,85,4,5,2,1,0,98/HD,mccarja02
463,Chas McCormick,28,HOU,AL,86,343,300,47,85,13,2,19,55,14,3,33,96,0.283,0.368,0.53,0.898,143,159,2,8,1,1,0,879/DH,mccorch01
464,Andrew McCutchen,36,PIT,NL,103,438,362,51,93,17,0,12,38,10,3,69,95,0.257,0.377,0.403,0.78,113,146,5,3,0,4,1,*D/9H,mccutan01
465,Scott McGough,33,ARI,NL,1,0,0,0,0,0,0,0,0,0,0,0,0,,,,,,0,0,0,0,0,0,1,mcgousc01
466,Reese McGuire*,28,BOS,AL,54,152,138,13,38,11,0,1,14,1,1,8,40,0.275,0.313,0.377,0.69,86,52,1,0,2,1,0,2H,mcguire01
467,Ryan McKenna,26,BAL,AL,77,126,112,18,28,6,0,2,14,2,0,7,36,0.25,0.306,0.357,0.664,85,40,4,3,2,2,0,98H7/D1,mckenry01
468,Billy McKinney*,28,NYY,AL,48,147,128,19,29,3,1,6,14,1,0,17,39,0.227,0.32,0.406,0.726,99,52,1,1,0,1,1,79/8H3,mckinbi01
469,Zach McKinstry*,28,DET,AL,118,412,368,46,88,17,2,7,29,15,3,36,86,0.239,0.31,0.353,0.663,83,130,2,3,2,3,0,594H76/8D1,mckinza01
470,Matt McLain,23,CIN,NL,86,389,351,63,103,23,4,15,48,13,5,31,110,0.293,0.362,0.51,0.872,131,179,4,7,0,0,0,64/DH,mclaima01
471,Ryan McMahon*,28,COL,NL,122,513,453,71,114,25,3,21,65,5,4,57,157,0.252,0.335,0.459,0.794,103,208,17,1,0,2,2,*54/DH,mcmahry01
472,Jeff McNeil*,31,NYM,NL,127,525,470,59,125,19,2,6,47,7,0,34,54,0.266,0.335,0.353,0.688,92,166,5,16,2,3,0,*497/H86,mcneije01
473,Curtis Mead,22,TBR,AL,11,43,36,7,9,1,0,0,2,0,0,5,13,0.25,0.372,0.278,0.65,86,10,0,2,0,0,0,5/DH,meadcu01
474,Austin Meadows*,28,DET,AL,6,21,21,0,5,1,0,0,2,0,0,0,3,0.238,0.238,0.286,0.524,44,6,0,0,0,0,0,/7H9,meadoau01
475,Parker Meadows*,23,DET,AL,3,13,11,2,3,0,1,0,0,0,0,2,4,0.273,0.385,0.455,0.839,131,5,0,0,0,0,0,/8,meadopa01
476,Wade Meckler*,23,SFG,NL,9,32,28,4,6,0,0,0,0,0,0,3,14,0.214,0.313,0.214,0.527,50,6,0,1,0,0,0,/87H,mecklwa01
477,Francisco Mejía#,27,TBR,AL,50,160,150,22,34,11,0,5,19,0,1,6,38,0.227,0.258,0.4,0.658,80,60,2,1,1,2,0,2/H,mejiafr01
478,MJ Melendez*,24,KCR,AL,121,494,445,52,104,26,4,12,44,6,3,43,142,0.234,0.304,0.391,0.695,90,174,3,3,0,3,1,*972/DH3,melenmj01
479,Danny Mendick,29,NYM,NL,27,58,55,4,10,2,0,1,4,0,0,3,13,0.182,0.224,0.273,0.497,37,15,1,0,0,0,0,4/5H7D1,mendida01
480,Joey Meneses,31,WSN,NL,120,521,484,58,136,29,1,11,70,0,0,33,98,0.281,0.328,0.413,0.741,106,200,13,2,0,2,0,*D3/9,menesjo01
481,Óscar Mercado,28,STL,NL,20,32,31,3,9,3,0,0,5,2,1,1,4,0.29,0.313,0.387,0.7,91,12,0,0,0,0,0,/978DH,mercaos01
482,Whit Merrifield,34,TOR,AL,119,488,453,59,132,22,0,11,57,23,8,28,83,0.291,0.334,0.413,0.747,106,187,10,3,0,4,0,47/9H,merriwh01
483,Julian Merryweather,31,CHC,NL,1,0,0,0,0,0,0,0,0,0,0,0,0,,,,,,0,0,0,0,0,0,1,merryju01
484,Matt Mervis*,25,CHC,NL,27,99,90,8,15,2,0,3,11,0,0,8,32,0.167,0.242,0.289,0.531,41,26,1,1,0,0,0,3/H,mervima01
485,Jake Meyers,27,HOU,AL,96,317,286,40,67,16,1,9,32,5,2,26,82,0.234,0.306,0.392,0.698,90,112,2,4,0,1,0,*8/H,meyerja02
486,Brad Miller*,33,TEX,AL,27,67,56,8,12,4,0,1,6,0,0,10,11,0.214,0.328,0.339,0.668,84,19,1,0,0,1,0,D/H351,millebr02
487,Owen Miller,26,MIL,NL,86,310,288,29,76,17,0,5,27,13,2,16,60,0.264,0.303,0.375,0.678,86,108,6,2,0,4,1,435H/7D9,milleow01
488,Shelby Miller,32,LAD,NL,1,1,1,0,0,0,0,0,0,0,0,0,0,0,0,0,0,-100,0,0,0,0,0,0,1,millesh01
489,Jose Miranda,25,MIN,AL,40,152,142,12,30,4,0,3,13,0,0,9,24,0.211,0.263,0.303,0.566,55,43,8,1,0,0,0,5/D3H,miranjo01
490,Calvin Mitchell*,24,PIT,NL,2,5,4,0,0,0,0,0,0,0,0,1,1,0,0.2,0,0.2,-38,0,0,0,0,0,0,/H9,mitchca01
491,Garrett Mitchell*,24,MIL,NL,16,62,58,9,15,1,1,3,6,1,0,4,24,0.259,0.306,0.466,0.772,108,27,0,0,0,0,0,8/H,mitchga01
492,Andruw Monasterio,26,MIL,NL,59,205,183,27,47,10,0,3,17,5,1,21,40,0.257,0.337,0.361,0.697,92,66,5,1,0,0,0,54/H6D,monasan01
493,Yoán Moncada#,28,CHW,AL,64,248,233,22,54,13,1,4,22,1,0,12,70,0.232,0.274,0.348,0.622,69,81,5,2,0,1,0,5/H,moncayo01
494,Mickey Moniak*,25,LAA,AL,73,278,266,31,75,19,1,12,39,6,3,9,97,0.282,0.313,0.496,0.809,115,132,3,3,0,0,1,897/H,moniami01
495,Elehuris Montero,24,COL,NL,57,194,183,19,40,9,2,5,26,0,0,7,77,0.219,0.253,0.372,0.624,59,68,2,2,0,2,0,35D/H,monteel01
496,Rafael Montero,32,HOU,AL,1,0,0,0,0,0,0,0,0,0,0,0,0,,,,,,0,0,0,0,0,0,1,montera01
497,Coco Montes,26,COL,NL,18,41,38,3,7,2,0,1,3,0,0,2,12,0.184,0.244,0.316,0.56,44,12,0,1,0,0,0,4/5H6,monteco01
498,Dylan Moore,30,SEA,AL,38,102,90,14,22,5,1,7,16,3,1,9,36,0.244,0.333,0.556,0.889,145,50,0,3,0,0,0,7H4/63D95,mooredy01
499,Jovani Moran*,26,MIN,AL,2,0,0,0,0,0,0,0,0,0,0,0,0,,,,,,0,0,0,0,0,0,1,moranjo01
500,Christopher Morel,24,CHC,NL,82,330,297,50,74,13,1,19,60,4,2,28,109,0.249,0.316,0.492,0.808,112,146,6,2,1,2,0,D48/795H6,morelch01
501,Gabriel Moreno,23,ARI,NL,83,277,255,22,72,13,0,5,36,4,1,16,55,0.282,0.321,0.392,0.713,95,100,13,1,0,5,0,2/HD,morenga01
502,Taylor Motter,33,STL,NL,25,71,66,3,12,3,0,0,2,0,0,5,26,0.182,0.239,0.227,0.467,30,15,0,0,0,0,0,45/H6D9,motteta01
503,Ryan Mountcastle,26,BAL,AL,96,396,360,56,97,19,1,17,61,3,0,27,95,0.269,0.318,0.469,0.788,116,169,10,2,0,7,1,3D/H,mountry01
504,Mike Moustakas*,34,TOT,MLB,92,313,283,42,75,15,0,12,43,0,0,22,74,0.265,0.319,0.445,0.765,101,126,6,3,0,5,1,35H/D,moustmi01
505,Mike Moustakas*,34,COL,NL,47,136,115,21,31,7,0,4,17,0,0,17,34,0.27,0.36,0.435,0.795,105,50,1,1,0,3,1,3H5/D,moustmi01
506,Mike Moustakas*,34,LAA,AL,45,177,168,21,44,8,0,8,26,0,0,5,40,0.262,0.288,0.452,0.741,97,76,5,2,0,2,0,53/H,moustmi01
507,Cedric Mullins*,28,BAL,AL,81,338,297,36,75,19,3,11,55,15,3,35,71,0.253,0.328,0.448,0.776,114,133,4,0,3,3,0,8/HD,mullice01
508,Max Muncy*,32,LAD,NL,104,438,361,70,70,11,0,29,77,1,2,69,117,0.194,0.329,0.465,0.794,112,168,6,5,0,3,4,*5/DH,muncyma01
509,Andrés Muñoz,24,SEA,AL,1,0,0,0,0,0,0,0,0,0,0,0,0,,,,,,0,0,0,0,0,0,1,munozan01
510,Penn Murfee,29,SEA,AL,1,0,0,0,0,0,0,0,0,0,0,0,0,,,,,,0,0,0,0,0,0,1,murfepe01
511,Sean Murphy,28,ATL,NL,90,366,310,56,84,18,0,20,65,0,0,40,85,0.271,0.38,0.523,0.902,139,162,15,15,0,1,0,2/DH,murphse01
512,Tom Murphy,32,SEA,AL,47,159,145,19,42,12,0,8,17,0,0,10,44,0.29,0.335,0.538,0.873,142,78,4,1,0,2,0,2/DH,murphto04
513,Dane Myers,27,MIA,NL,16,61,59,7,17,2,0,1,9,0,1,1,16,0.288,0.295,0.373,0.668,82,22,1,0,0,1,0,8,myersda01
514,Wil Myers,32,CIN,NL,37,141,127,11,24,3,0,3,12,2,1,12,48,0.189,0.257,0.283,0.541,45,36,3,0,1,1,0,93/DH,myerswi01
515,James Naile,30,STL,NL,1,0,0,0,0,0,0,0,0,0,0,0,0,,,,,,0,0,0,0,0,0,/1,naileja01
516,Omar Narváez*,31,NYM,NL,32,92,79,9,16,3,0,1,6,0,0,10,12,0.203,0.283,0.278,0.561,57,22,1,0,0,3,0,2/H,narvaom01
517,Bo Naylor*,23,CLE,AL,42,143,128,15,26,8,0,4,15,1,0,15,39,0.203,0.287,0.359,0.646,81,46,1,0,0,0,0,2/H,naylobo01
518,Josh Naylor*,26,CLE,AL,96,390,360,41,110,25,0,15,79,6,2,24,57,0.306,0.346,0.5,0.846,135,180,7,1,0,5,7,3D/H9,naylojo01
519,Hector Neris,34,HOU,AL,1,0,0,0,0,0,0,0,0,0,0,0,0,,,,,,0,0,0,0,0,0,1,nerishe01
520,Zach Neto,22,LAA,AL,67,252,224,31,54,14,0,8,30,5,0,12,54,0.241,0.315,0.411,0.725,95,92,4,13,1,2,0,6/H,netoza01
521,Tyler Nevin,26,DET,AL,22,56,49,3,6,0,0,1,5,0,0,5,12,0.122,0.214,0.184,0.398,12,9,1,1,0,1,0,/57DH39,nevinty01
522,Kevin Newman,29,CIN,NL,74,253,225,28,57,16,0,3,28,8,1,17,34,0.253,0.311,0.364,0.675,81,82,7,4,2,5,0,564H/3D,newmake01
523,Tomás Nido,29,NYM,NL,22,61,56,5,7,0,0,0,1,0,0,2,18,0.125,0.153,0.125,0.278,-21,7,2,0,2,1,0,2/H,nidoto01
524,Brandon Nimmo*,30,NYM,NL,122,546,468,71,124,20,4,18,51,3,3,63,119,0.265,0.361,0.44,0.802,121,206,3,10,1,4,0,*8/7DH,nimmobr01
525,Ryan Noda*,27,OAK,AL,94,355,285,46,66,17,1,11,38,3,1,62,118,0.232,0.38,0.414,0.794,128,118,1,7,0,1,1,3H/D97,nodary01
526,Austin Nola,33,SDP,NL,52,154,130,9,19,3,0,1,8,0,0,18,31,0.146,0.26,0.192,0.452,31,25,5,2,4,0,0,2/H,nolaau01
527,Lars Nootbaar*,25,STL,NL,90,388,329,60,93,18,1,12,39,8,1,54,76,0.283,0.382,0.453,0.835,129,149,5,1,1,3,2,*897/HD,nootbla01
528,Ryan O'Hearn*,29,BAL,AL,81,258,240,32,71,16,1,10,40,4,1,13,59,0.296,0.333,0.496,0.829,127,119,1,2,0,3,1,3H9D/7,ohearry01
529,Logan O'Hoppe,23,LAA,AL,20,77,70,6,17,2,0,5,14,0,0,4,20,0.243,0.299,0.486,0.784,108,34,2,2,0,1,0,2,ohopplo01
530,Brian O'Keefe,29,SEA,AL,4,11,9,0,1,1,0,0,2,0,0,2,5,0.111,0.273,0.222,0.495,43,2,1,0,0,0,0,/2H,okeefbr01
531,Tyler O'Neill,28,STL,NL,57,209,185,23,44,11,0,7,16,3,0,24,55,0.238,0.325,0.411,0.736,101,76,5,0,0,0,0,78/HD,oneilty01
532,Rougned Odor*,29,SDP,NL,59,157,138,21,28,9,0,4,18,2,1,17,37,0.203,0.299,0.355,0.654,84,49,2,2,0,0,0,4H/5D93,odorro01
533,Shohei Ohtani*,28,LAA,AL,126,556,467,97,142,22,7,44,91,17,5,78,136,0.304,0.405,0.664,1.069,183,310,8,3,0,3,16,*D1,ohtansh01
534,Chris Okey,28,LAA,AL,2,2,2,0,0,0,0,0,0,0,0,0,2,0,0,0,0,-100,0,0,0,0,0,0,/2,okeych01
535,Edward Olivares,27,KCR,AL,85,308,284,37,70,18,4,6,20,9,3,16,52,0.246,0.299,0.401,0.7,91,114,5,6,0,2,1,7DH/98,olivaed02
536,Matt Olson*,29,ATL,NL,126,563,474,98,127,21,2,43,108,1,0,83,141,0.268,0.378,0.593,0.971,155,281,10,3,0,3,8,*3,olsonma02
537,Jonathan Ornelas,23,TEX,AL,2,0,0,1,0,0,0,0,0,0,0,0,0,,,,,,0,0,0,0,0,0,/H6,orneljo01
538,Rafael Ortega*,32,NYM,NL,22,76,67,11,15,2,0,1,5,3,0,8,17,0.224,0.316,0.299,0.614,72,20,0,1,0,0,0,8/79HD,ortegra01
539,Joey Ortiz,24,BAL,AL,15,34,33,4,7,1,0,0,4,0,0,0,9,0.212,0.206,0.242,0.448,25,8,2,0,0,1,0,/45H6,ortizjo06
540,James Outman*,26,LAD,NL,118,435,373,65,93,14,3,15,54,14,2,51,142,0.249,0.352,0.424,0.775,109,158,1,9,0,2,1,*87/H9D,outmaja01
541,Chris Owings,31,PIT,NL,10,25,25,0,4,0,0,0,0,0,0,0,12,0.16,0.16,0.16,0.32,-12,4,1,0,0,0,0,Jun-81,owingch01
542,Marcell Ozuna,32,ATL,NL,110,443,397,62,104,18,0,28,67,0,0,43,103,0.262,0.334,0.519,0.853,124,206,9,1,0,2,1,*D/7H,ozunama01
543,Cristian Pache,24,PHI,NL,32,53,49,8,16,7,0,2,8,1,0,3,12,0.327,0.365,0.592,0.957,156,29,1,0,1,0,0,78/H9,pachecr01
544,Kevin Padlo,26,LAA,AL,3,8,8,1,1,1,0,0,0,0,0,0,0,0.125,0.125,0.25,0.375,-2,2,1,0,0,0,0,/35,padloke01
545,Joshua Palacios*,27,PIT,NL,61,176,164,16,34,9,1,6,25,2,0,7,30,0.207,0.247,0.384,0.631,68,63,6,2,2,1,0,97H8/D,palacjo01
546,Richie Palacios*,26,STL,NL,7,19,18,1,7,2,0,1,6,0,0,1,2,0.389,0.421,0.667,1.088,193,12,0,0,0,0,0,/8HD,palacri01
547,Isaac Paredes,24,TBR,AL,114,443,381,59,98,20,0,26,80,1,0,44,78,0.257,0.359,0.514,0.873,140,196,8,17,0,1,0,*534/H6,paredis01
548,Vinnie Pasquantino*,25,KCR,AL,61,260,231,24,57,17,0,9,26,0,0,25,31,0.247,0.324,0.437,0.762,108,101,7,2,0,1,2,3D/H,pasquvi01
549,Joc Pederson*,31,SFG,NL,91,322,270,45,65,10,2,12,43,0,0,44,67,0.241,0.354,0.426,0.78,115,115,9,5,0,3,2,D7H/93,pederjo01
550,Liover Peguero,22,PIT,NL,29,97,88,13,22,2,0,5,16,4,0,6,28,0.25,0.305,0.443,0.748,100,39,3,1,2,0,0,46,pegueli01
551,Jeremy Peña,25,HOU,AL,117,494,450,61,112,23,1,10,43,10,7,34,106,0.249,0.312,0.371,0.683,87,167,9,8,0,1,1,*6,penaje02
552,David Peralta*,35,LAD,NL,104,332,310,36,84,16,1,7,46,3,1,16,54,0.271,0.304,0.397,0.701,88,123,6,1,0,5,1,*7H/9D,peralda01
553,Oswald Peraza,23,NYY,AL,22,76,63,7,10,1,0,0,6,5,2,9,19,0.159,0.303,0.175,0.477,38,11,1,4,0,0,0,5/4H6D,perazos02
554,Geraldo Perdomo#,23,ARI,NL,110,390,323,54,87,19,3,6,40,13,3,49,64,0.269,0.369,0.402,0.772,113,130,2,4,11,3,1,*64H5,perdoge01
555,Everson Pereira,22,NYY,AL,3,12,11,1,1,1,0,0,1,0,0,1,5,0.091,0.167,0.182,0.348,-3,2,0,0,0,0,0,/7,pereiev01
556,Carlos Pérez,32,OAK,AL,53,158,140,14,31,4,0,5,18,0,0,11,32,0.221,0.287,0.357,0.644,84,50,2,3,1,3,0,23HD/17,perezca02
557,Carlos Pérez,26,CHW,AL,18,30,29,3,7,3,0,0,2,0,0,1,9,0.241,0.267,0.345,0.611,66,10,1,0,0,0,0,2/HD,perezca03
558,Cionel Pérez,27,BAL,AL,2,0,0,0,0,0,0,0,0,0,0,0,0,,,,,,0,0,0,0,0,0,1,perezci01
559,Michael Perez*,30,NYM,NL,2,7,7,1,4,1,0,0,0,0,0,0,1,0.571,0.571,0.714,1.286,255,5,0,0,0,0,0,/2,perezmi03
560,Roberto Pérez,34,SFG,NL,5,17,15,0,2,0,0,0,1,0,0,2,6,0.133,0.235,0.133,0.369,6,2,0,0,0,0,0,/2,perezro02
561,Salvador Perez,33,KCR,AL,115,474,439,50,111,19,0,19,57,0,0,18,108,0.253,0.297,0.426,0.723,96,187,10,12,0,5,6,2D3,perezsa02
562,Blake Perkins#,26,MIL,NL,56,137,118,21,25,4,0,2,16,5,2,17,41,0.212,0.311,0.297,0.608,69,35,1,0,2,0,0,9H78/D,perkibl01
563,Jace Peterson*,33,TOT,MLB,110,367,317,31,68,7,2,6,31,13,2,42,88,0.215,0.311,0.306,0.617,78,97,7,4,1,3,2,*5H4/D17,peterja01
564,Jace Peterson*,33,OAK,AL,92,324,281,30,62,7,2,6,28,11,1,36,77,0.221,0.313,0.324,0.637,84,91,6,3,1,3,1,54H/1D7,peterja01
565,Jace Peterson*,33,ARI,NL,18,43,36,1,6,0,0,0,3,2,1,6,11,0.167,0.302,0.167,0.469,35,6,1,1,0,0,1,5/HD,peterja01
566,Tommy Pham,35,TOT,NL,97,341,303,39,80,20,2,13,51,15,2,33,77,0.264,0.334,0.472,0.806,120,143,6,1,0,4,1,7DH/89,phamth01
567,Tommy Pham,35,NYM,NL,79,264,231,29,62,15,1,10,36,11,1,29,56,0.268,0.348,0.472,0.82,125,109,2,1,0,3,1,7DH/8,phamth01
568,Tommy Pham,35,ARI,NL,18,77,72,10,18,5,1,3,15,4,1,4,21,0.25,0.286,0.472,0.758,104,34,4,0,0,1,0,7/D9,phamth01
569,Brett Phillips*,29,LAA,AL,19,16,13,3,1,0,0,0,2,3,0,3,8,0.077,0.25,0.077,0.327,-4,1,0,0,0,0,0,/H87D19,phillbr02
570,Kevin Pillar,34,ATL,NL,63,151,144,20,32,8,0,6,20,3,0,6,38,0.222,0.252,0.403,0.654,72,58,1,0,0,1,0,7H/98,pillake01
571,Manny Piña,36,OAK,AL,4,12,12,1,3,0,0,1,1,0,0,0,3,0.25,0.25,0.5,0.75,108,6,1,0,0,0,0,/2D,pinama01
572,René Pinto,26,TBR,AL,14,37,35,2,9,0,0,1,4,0,0,2,12,0.257,0.297,0.343,0.64,79,12,1,0,0,0,0,1-Feb,pintore02
573,Nick Pivetta,30,BOS,AL,1,0,0,0,0,0,0,0,0,0,0,0,0,,,,,,0,0,0,0,0,0,1,pivetni01
574,Jorge Polanco#,29,MIN,AL,54,226,201,20,49,12,0,8,29,3,0,21,58,0.244,0.319,0.423,0.741,101,85,1,2,0,2,0,45/DH,polanjo01
575,AJ Pollock,35,TOT,MLB,54,144,133,15,22,4,0,5,15,0,1,9,32,0.165,0.215,0.308,0.524,46,41,1,0,0,2,0,D7H/89,polloaj01
576,AJ Pollock,35,SEA,AL,49,138,127,15,22,4,0,5,15,0,1,9,30,0.173,0.225,0.323,0.547,53,41,1,0,0,2,0,D7H,polloaj01
577,AJ Pollock,35,SFG,NL,5,6,6,0,0,0,0,0,0,0,0,0,2,0,0,0,0,-100,0,0,0,0,0,0,/789,polloaj01
578,Nick Pratto*,24,KCR,AL,78,299,261,31,62,15,0,7,31,1,1,29,112,0.238,0.324,0.375,0.7,93,98,3,6,0,3,0,37/H9,prattni01
579,Ryan Pressly,34,HOU,AL,2,0,0,0,0,0,0,0,0,0,0,0,0,,,,,,0,0,0,0,0,0,1,pressry01
580,Jurickson Profar#,30,COL,NL,110,471,414,51,98,25,2,8,39,1,0,45,85,0.237,0.317,0.365,0.682,76,151,9,6,0,5,0,*7D/H,profaju01
581,Cole Ragans*,25,TOT,AL,1,0,0,0,0,0,0,0,0,0,0,0,0,,,,,,0,0,0,0,0,0,1,raganco01
582,Cole Ragans*,25,TEX,AL,1,0,0,0,0,0,0,0,0,0,0,0,0,,,,,,0,0,0,0,0,0,1,raganco01
583,Cal Raleigh#,26,SEA,AL,112,432,388,61,87,19,1,24,62,0,0,42,123,0.224,0.301,0.464,0.765,112,180,4,1,0,1,1,*2DH,raleica01
584,Brooks Raley*,35,NYM,NL,1,0,0,0,0,0,0,0,0,0,0,0,0,,,,,,0,0,0,0,0,0,1,raleybr01
585,Luke Raley*,28,TBR,AL,100,345,305,52,78,20,3,18,45,12,2,24,109,0.256,0.337,0.518,0.855,134,158,2,14,1,1,0,397DH/81,raleylu01
586,Harold Ramírez,28,TBR,AL,95,342,315,44,96,13,2,9,48,4,3,19,61,0.305,0.348,0.444,0.792,120,140,5,4,0,4,0,DH/379,ramirha02
587,José Ramírez#,30,CLE,AL,122,538,475,72,132,30,4,19,68,20,4,56,54,0.278,0.351,0.478,0.829,131,227,8,1,0,6,15,*5D,ramirjo01
588,Heliot Ramos,23,SFG,NL,17,44,41,4,9,4,0,1,2,0,0,3,14,0.22,0.273,0.39,0.663,80,16,1,0,0,0,0,/79H8D,ramoshe02
589,Henry Ramos#,31,CIN,NL,23,86,74,9,18,3,1,0,5,2,1,11,21,0.243,0.349,0.311,0.66,80,23,2,1,0,0,0,9/D7H,ramoshe01
590,J.T. Realmuto,32,PHI,NL,109,434,392,55,98,25,5,15,50,12,4,29,115,0.25,0.31,0.454,0.764,106,178,9,7,0,4,3,*2/H,realmjt01
591,Rob Refsnyder,32,BOS,AL,75,209,171,25,43,6,1,1,26,7,2,30,43,0.251,0.377,0.316,0.693,91,54,5,5,1,1,0,7H8/D9,refsnro01
592,Zach Remillard,29,CHW,AL,40,133,121,15,32,6,0,1,16,4,2,8,38,0.264,0.315,0.339,0.654,80,41,3,1,3,0,1,4/59H7D6,remilza01
593,Anthony Rendon,33,LAA,AL,43,183,148,23,35,6,0,2,22,2,0,25,27,0.236,0.361,0.318,0.678,87,47,6,6,0,4,0,5,rendoan01
594,Hunter Renfroe,31,LAA,AL,120,483,442,53,107,29,0,18,52,0,0,35,110,0.242,0.3,0.43,0.73,95,190,13,3,0,3,0,*9/H3,renfrhu01
595,Luis Rengifo#,26,LAA,AL,113,392,344,48,83,13,4,11,40,5,4,40,75,0.241,0.329,0.398,0.727,96,137,3,6,0,2,0,465H/798,rengilu01
596,Franmil Reyes,27,KCR,AL,19,65,59,5,11,0,0,2,7,0,0,4,24,0.186,0.231,0.288,0.519,42,17,3,0,0,2,0,D/7H9,reyesfr01
597,Pablo Reyes,29,BOS,AL,48,146,133,25,43,9,0,2,18,5,2,9,16,0.323,0.361,0.436,0.797,114,58,2,0,2,2,0,64/H15D,reyespa01
598,Bryan Reynolds#,28,PIT,NL,114,499,450,65,119,26,4,18,62,9,0,40,102,0.264,0.327,0.46,0.787,111,207,12,4,0,5,0,*78D/H,reynobr01
599,Matt Reynolds,32,CIN,NL,2,5,5,1,1,0,0,0,0,0,0,0,3,0.2,0.2,0.2,0.4,8,1,0,0,0,0,0,/53,reynoma03
600,Austin Riley,26,ATL,NL,126,559,502,91,139,24,1,29,77,3,0,44,133,0.277,0.336,0.502,0.838,121,252,17,5,0,8,3,*5,rileyau01
601,Edwin Rios*,29,CHC,NL,18,34,28,3,2,1,0,1,2,0,0,5,16,0.071,0.235,0.214,0.45,22,6,0,1,0,0,0,D/H5,riosed01
602,Alfonso Rivas*,26,TOT,NL,26,74,62,6,12,4,1,2,6,0,0,7,24,0.194,0.301,0.387,0.688,87,24,0,3,1,1,0,3/H7,rivasal01
603,Alfonso Rivas*,26,SDP,NL,8,17,15,2,3,2,0,0,1,0,0,2,7,0.2,0.294,0.333,0.627,76,5,0,0,0,0,0,/3H,rivasal01
604,Alfonso Rivas*,26,PIT,NL,18,57,47,4,9,2,1,2,5,0,0,5,17,0.191,0.304,0.404,0.708,90,19,0,3,1,1,0,3/H7,rivasal01
605,Emmanuel Rivera,27,ARI,NL,66,238,221,32,59,12,0,4,24,1,0,15,51,0.267,0.311,0.376,0.686,88,83,6,0,0,2,0,5H/D3,riverem01
606,Anthony Rizzo*,33,NYY,AL,99,421,373,45,91,14,0,12,41,0,3,35,97,0.244,0.328,0.378,0.706,95,141,10,12,0,1,1,*3/D,rizzoan01
607,Luis Robert Jr.,25,CHW,AL,122,508,464,79,123,30,1,34,69,16,2,27,144,0.265,0.32,0.554,0.874,133,257,9,11,0,1,5,*8/H,roberlu01
608,Victor Robles,26,WSN,NL,36,126,107,15,32,5,1,0,8,8,1,11,18,0.299,0.385,0.364,0.75,112,39,3,4,4,0,0,8,roblevi01
609,Brayan Rocchio#,22,CLE,AL,19,70,66,7,16,4,0,0,5,0,0,3,22,0.242,0.271,0.303,0.574,62,20,4,0,0,1,0,6/5H,rocchbr01
610,Brendan Rodgers,26,COL,NL,17,72,67,8,16,4,1,0,9,0,0,4,21,0.239,0.292,0.328,0.62,61,22,0,1,0,0,0,4/D,rodgebr02
611,Endy Rodríguez#,23,PIT,NL,32,104,94,14,23,4,2,2,8,0,0,10,27,0.245,0.317,0.394,0.711,92,37,0,0,0,0,0,2/H3,rodrien01
612,José Rodriguez,22,CHW,AL,1,0,0,1,0,0,0,0,0,0,0,0,0,,,,,,0,0,0,0,0,0,/4H,rodrijo09
613,Julio Rodríguez,22,SEA,AL,122,566,519,76,144,30,1,21,80,34,9,39,141,0.277,0.337,0.461,0.798,123,239,12,8,0,0,3,*8/D,rodriju01
614,Jake Rogers,28,DET,AL,86,285,256,36,53,11,0,15,37,0,1,25,91,0.207,0.278,0.426,0.704,90,109,5,1,1,2,0,2/HD7,rogerja03
615,Taylor Rogers*,32,SFG,NL,1,0,0,0,0,0,0,0,0,0,0,0,0,,,,,,0,0,0,0,0,0,1,rogerta01
616,Tyler Rogers,32,SFG,NL,1,0,0,0,0,0,0,0,0,0,0,0,0,,,,,,0,0,0,0,0,0,1,rogerty01
617,Johan Rojas,22,PHI,NL,30,92,83,12,24,5,1,1,16,7,1,4,25,0.289,0.337,0.41,0.747,104,34,0,2,3,0,0,8/HD,rojasjo03
618,Josh Rojas*,29,TOT,MLB,74,270,240,36,58,15,0,2,34,9,0,21,63,0.242,0.301,0.329,0.63,75,79,3,1,2,4,0,54/HD71,rojasjo01
619,Josh Rojas*,29,ARI,NL,59,216,189,23,43,13,0,0,26,6,0,18,51,0.228,0.292,0.296,0.589,63,56,2,1,2,4,0,5/H4D71,rojasjo01
620,Josh Rojas*,29,SEA,AL,15,54,51,13,15,2,0,2,8,3,0,3,12,0.294,0.333,0.451,0.784,119,23,1,0,0,0,0,5-Apr,rojasjo01
621,Miguel Rojas,34,LAD,NL,96,328,298,37,65,13,0,3,23,7,1,22,38,0.218,0.274,0.292,0.566,54,87,9,3,0,5,0,*6H/D14,rojasmi02
622,Jordan Romano,30,TOR,AL,1,0,0,0,0,0,0,0,0,0,0,0,0,,,,,,0,0,0,0,0,0,1,romanjo03
623,JoJo Romero*,26,STL,NL,1,0,0,0,0,0,0,0,0,0,0,0,0,,,,,,0,0,0,0,0,0,1,romerjo01
624,Brent Rooker,28,OAK,AL,107,409,359,46,88,15,1,22,55,2,0,37,128,0.245,0.328,0.476,0.804,127,171,11,9,0,4,1,D79H,rookebr01
625,Ben Rortvedt*,25,NYY,AL,23,51,44,4,6,1,0,2,3,0,0,7,11,0.136,0.255,0.295,0.55,52,13,1,0,0,0,0,2/H,rortvbe01
626,Amed Rosario,27,TOT,MLB,115,479,450,60,117,23,7,6,52,10,1,24,84,0.26,0.299,0.382,0.681,89,172,13,2,0,3,0,*64/HD,rosaram01
627,Amed Rosario,27,CLE,AL,94,412,385,51,102,19,6,3,40,9,0,22,77,0.265,0.306,0.369,0.675,89,142,11,2,0,3,0,*6/HD,rosaram01
628,Amed Rosario,27,LAD,NL,21,67,65,9,15,4,1,3,12,1,1,2,7,0.231,0.254,0.462,0.715,88,30,2,0,0,0,0,4/6HD,rosaram01
629,Eddie Rosario*,31,ATL,NL,111,401,372,53,98,20,2,20,63,2,3,27,99,0.263,0.313,0.489,0.802,111,182,9,0,1,1,1,*7D/H,rosared01
630,Michael Rucker,29,CHC,NL,2,0,0,0,0,0,0,0,0,0,0,0,0,,,,,,0,0,0,0,0,0,1,ruckemi01
631,Darin Ruf,36,TOT,NL,20,57,49,3,11,3,0,0,3,0,0,8,16,0.224,0.333,0.286,0.619,74,14,0,0,0,0,0,D/H3,rufda01
632,Darin Ruf,36,SFG,NL,9,27,23,1,6,2,0,0,3,0,0,4,9,0.261,0.37,0.348,0.718,101,8,0,0,0,0,0,/DH,rufda01
633,Darin Ruf,36,MIL,NL,11,30,26,2,5,1,0,0,0,0,0,4,7,0.192,0.3,0.231,0.531,50,6,0,0,0,0,0,/D3H,rufda01
634,Esteury Ruiz,24,OAK,AL,101,420,378,37,92,21,1,2,37,49,9,15,86,0.243,0.298,0.32,0.618,78,121,4,15,4,1,1,*8/7HD9,ruizes01
635,José Ruiz,28,TOT,MLB,1,0,0,0,0,0,0,0,0,0,0,0,0,,,,,,0,0,0,0,0,0,1,ruizjo01
636,José Ruiz,28,ARI,NL,1,0,0,0,0,0,0,0,0,0,0,0,0,,,,,,0,0,0,0,0,0,1,ruizjo01
637,Keibert Ruiz#,24,WSN,NL,106,439,403,41,104,19,0,15,51,1,1,28,40,0.258,0.314,0.417,0.731,103,168,12,6,0,2,1,*2/DH,ruizke01
638,Blake Rutherford*,26,WSN,NL,13,34,33,4,6,0,0,0,2,0,0,1,10,0.182,0.206,0.182,0.388,10,6,1,0,0,0,0,7/H,ruthebl01
639,Adley Rutschman#,25,BAL,AL,122,545,470,67,130,22,1,16,61,1,1,71,81,0.277,0.371,0.43,0.8,123,202,10,1,0,3,5,*2D/H,rutscad01
640,Blake Sabol*,25,SFG,NL,92,294,268,33,66,8,0,11,37,2,2,19,101,0.246,0.304,0.399,0.703,92,107,4,4,1,2,0,27H/D,sabolbl01
641,César Salazar*,27,HOU,AL,13,19,18,1,2,0,0,0,0,0,0,1,6,0.111,0.158,0.111,0.269,-24,2,1,0,0,0,0,/2H,salazce01
642,Gary Sánchez,30,TOT,NL,65,235,210,30,44,7,0,16,41,0,0,20,58,0.21,0.285,0.471,0.757,108,99,3,3,0,2,0,2/DH,sanchga02
643,Gary Sánchez,30,NYM,NL,3,7,6,0,1,0,0,0,1,0,0,0,3,0.167,0.143,0.167,0.31,-14,1,0,0,0,1,0,/2,sanchga02
644,Gary Sánchez,30,SDP,NL,62,228,204,30,43,7,0,16,40,0,0,20,55,0.211,0.289,0.48,0.77,111,98,3,3,0,1,0,2/DH,sanchga02
645,Jesús Sánchez*,25,MIA,NL,93,293,267,31,71,20,1,10,40,3,1,24,73,0.266,0.329,0.461,0.789,113,123,9,1,1,0,1,*9H/87D,sanchje02
646,Cole Sands,25,MIN,AL,1,0,0,0,0,0,0,0,0,0,0,0,0,,,,,,0,0,0,0,0,0,1,sandsco01
647,Carlos Santana#,37,TOT,NL,116,489,436,57,99,26,0,18,66,6,0,50,85,0.227,0.305,0.411,0.715,93,179,6,0,0,3,0,*3/DH,santaca01
648,Carlos Santana#,37,PIT,NL,94,393,345,45,81,25,0,12,53,6,0,45,69,0.235,0.321,0.412,0.732,97,142,3,0,0,3,0,3/D,santaca01
649,Carlos Santana#,37,MIL,NL,22,96,91,12,18,1,0,6,13,0,0,5,16,0.198,0.24,0.407,0.646,73,37,3,0,0,0,0,3/H,santaca01
650,Anthony Santander#,28,BAL,AL,119,507,452,63,114,29,1,24,69,3,1,47,116,0.252,0.325,0.48,0.806,121,217,6,4,0,4,1,9D3/7H,santaan02
651,Tony Santillan,26,CIN,NL,1,0,0,0,0,0,0,0,0,0,0,0,0,,,,,,0,0,0,0,0,0,/1,santito01
652,Tayler Saucedo*,30,SEA,AL,2,0,0,0,0,0,0,0,0,0,0,0,0,,,,,,0,0,0,0,0,0,1,sauceta01
653,Josh Sborz,29,TEX,AL,1,1,1,0,0,0,0,0,0,0,0,0,1,0,0,0,0,-100,0,0,0,0,0,0,1,sborzjo01
654,Nolan Schanuel*,21,LAA,AL,6,26,19,5,7,0,0,0,1,0,0,7,2,0.368,0.538,0.368,0.907,154,7,0,0,0,0,0,/3DH,schanno01
655,Casey Schmitt,24,SFG,NL,73,228,209,22,41,11,0,2,25,2,1,11,56,0.196,0.251,0.278,0.529,46,58,6,5,1,2,0,654H,schmica01
656,Davis Schneider,24,TOR,AL,9,36,30,5,11,1,0,3,6,0,0,5,13,0.367,0.472,0.7,1.172,220,21,1,1,0,0,0,/4D7H,schneda03
657,Jonathan Schoop,31,DET,AL,55,151,136,15,29,8,0,0,7,0,0,13,37,0.213,0.278,0.272,0.55,53,37,6,0,0,2,0,45H/D16,schoojo01
658,John Schreiber,29,BOS,AL,1,0,0,0,0,0,0,0,0,0,0,0,0,,,,,,0,0,0,0,0,0,1,schrejo01
659,Kyle Schwarber*,30,PHI,NL,126,567,461,79,85,14,1,34,81,0,2,98,165,0.184,0.332,0.44,0.772,109,203,3,5,0,3,5,*7D,schwaky01
660,Tayler Scott,31,TOT,MLB,2,0,0,0,0,0,0,0,0,0,0,0,0,,,,,,0,0,0,0,0,0,1,scottta02
661,Tayler Scott,31,TOT,AL,1,0,0,0,0,0,0,0,0,0,0,0,0,,,,,,0,0,0,0,0,0,1,scottta02
662,Tayler Scott,31,LAD,NL,1,0,0,0,0,0,0,0,0,0,0,0,0,,,,,,0,0,0,0,0,0,/1,scottta02
663,Tayler Scott,31,BOS,AL,1,0,0,0,0,0,0,0,0,0,0,0,0,,,,,,0,0,0,0,0,0,/1,scottta02
664,Corey Seager*,29,TEX,AL,84,382,336,65,116,33,0,24,77,2,1,41,65,0.345,0.414,0.658,1.071,188,221,5,1,0,4,5,6/D,seageco01
665,Jean Segura,33,MIA,NL,85,326,301,25,66,5,2,3,21,6,2,22,47,0.219,0.277,0.279,0.556,53,84,12,2,1,0,1,5/H,segurje01
666,Marcus Semien,32,TEX,AL,127,593,528,97,147,31,4,20,80,13,2,57,84,0.278,0.348,0.466,0.814,121,246,4,2,0,5,1,*4,semiema01
667,Nick Senzel,28,CIN,NL,81,271,244,37,54,9,0,10,38,5,2,24,59,0.221,0.292,0.381,0.673,79,93,7,1,0,2,0,587H9/4D,senzeni01
668,Brian Serven,28,COL,NL,11,23,23,0,3,1,0,0,1,0,0,0,10,0.13,0.13,0.174,0.304,-22,4,0,0,0,0,0,2/HD,servebr01
669,Paul Sewald,33,TOT,MLB,2,0,0,0,0,0,0,0,0,0,0,0,0,,,,,,0,0,0,0,0,0,1,sewalpa01
670,Paul Sewald,33,SEA,AL,1,0,0,0,0,0,0,0,0,0,0,0,0,,,,,,0,0,0,0,0,0,1,sewalpa01
671,Paul Sewald,33,ARI,NL,1,0,0,0,0,0,0,0,0,0,0,0,0,,,,,,0,0,0,0,0,0,1,sewalpa01
672,Gavin Sheets*,27,CHW,AL,90,259,234,20,50,7,0,9,30,0,0,22,51,0.214,0.282,0.359,0.641,75,84,4,1,0,2,2,9H3D/7,sheetga01
673,Braden Shewmake*,25,ATL,NL,2,4,4,0,0,0,0,0,0,0,0,0,1,0,0,0,0,-100,0,0,0,0,0,0,/6,shewmbr01
674,Zack Short,28,DET,AL,87,203,183,13,41,9,0,5,28,3,0,19,53,0.224,0.296,0.355,0.651,79,65,2,0,0,1,0,45H6/189D,shortza01
675,Michael Siani*,23,CIN,NL,2,1,0,0,0,0,0,0,0,0,1,1,0,,1,,,,0,0,0,0,0,0,/87,sianimi01
676,Lucas Sims,29,CIN,NL,3,0,0,0,0,0,0,0,0,0,0,0,0,,,,,,0,0,0,0,0,0,1,simslu01
677,Jon Singleton*,31,TOT,MLB,25,82,70,10,10,3,0,2,9,0,0,12,20,0.143,0.268,0.271,0.54,49,19,2,0,0,0,0,3/HD,singljo02
678,Jon Singleton*,31,MIL,NL,11,32,29,3,3,1,0,0,2,0,0,3,11,0.103,0.188,0.138,0.325,-8,4,0,0,0,0,0,/3DH,singljo02
679,Jon Singleton*,31,HOU,AL,14,50,41,7,7,2,0,2,7,0,0,9,9,0.171,0.32,0.366,0.686,88,15,2,0,0,0,0,/3HD,singljo02
680,Jose Siri,27,TBR,AL,88,314,292,50,66,10,1,24,52,9,3,17,115,0.226,0.268,0.514,0.782,111,150,3,1,1,3,0,*8/HD,sirijo01
681,Austin Slater,30,SFG,NL,65,150,136,15,34,4,0,5,18,2,2,13,42,0.25,0.32,0.39,0.71,95,53,2,1,0,0,0,H78/9D,slateau01
682,Dominic Smith*,28,WSN,NL,124,477,430,44,113,16,1,6,34,1,0,36,74,0.263,0.333,0.347,0.68,91,149,11,10,0,1,0,*3/HD,smithdo02
683,Josh H. Smith*,25,TEX,AL,69,174,146,24,30,6,0,4,8,1,0,18,44,0.205,0.326,0.329,0.654,81,48,2,8,2,0,0,67H5/D4,smithjo11
684,Kevin Smith,26,OAK,AL,34,102,94,11,18,1,0,4,8,1,0,3,34,0.191,0.216,0.33,0.546,54,31,2,0,5,0,0,6/5H,smithke05
685,Pavin Smith*,27,ARI,NL,61,217,184,26,35,5,0,7,30,1,1,32,43,0.19,0.31,0.332,0.642,77,61,2,0,0,0,0,D9H/3,smithpa04
686,Will Smith,33,TEX,AL,1,0,0,0,0,0,0,0,0,0,0,0,0,,,,,,0,0,0,0,0,0,1,smithwi04
687,Will Smith,28,LAD,NL,100,431,362,63,98,18,1,16,64,2,0,52,69,0.271,0.367,0.459,0.825,122,166,6,8,0,9,1,*2D/H,smithwi05
688,Canaan Smith-Njigba*,24,PIT,NL,15,37,32,3,4,1,1,0,5,1,0,4,16,0.125,0.216,0.219,0.435,19,7,1,0,0,1,0,9/H7,smithca05
689,Tyler Soderstrom*,21,OAK,AL,27,93,85,7,14,1,0,2,5,0,0,7,29,0.165,0.237,0.247,0.484,39,21,6,1,0,0,0,D/32H,soderty01
690,Nick Solak,28,TOT,MLB,2,0,0,1,0,0,0,0,0,0,0,0,0,,,,,,0,0,0,0,0,0,/HD,solakni01
691,Nick Solak,28,ATL,NL,1,0,0,1,0,0,0,0,0,0,0,0,0,,,,,,0,0,0,0,0,0,/H,solakni01
692,Nick Solak,28,DET,AL,1,0,0,0,0,0,0,0,0,0,0,0,0,,,,,,0,0,0,0,0,0,/DH,solakni01
693,Donovan Solano,35,MIN,AL,109,348,304,32,85,24,0,4,26,0,0,34,80,0.28,0.368,0.398,0.766,111,121,6,9,0,1,1,3H45D,solando01
694,Jorge Soler,31,MIA,NL,121,513,449,68,107,20,0,33,68,1,0,56,127,0.238,0.327,0.503,0.831,123,226,16,5,0,3,2,*D9/H,solerjo01
695,Edmundo Sosa,27,PHI,NL,85,235,219,28,56,11,2,8,24,2,2,5,57,0.256,0.296,0.434,0.73,97,95,7,8,1,1,0,56/H48,sosaed01
696,Lenyn Sosa,23,CHW,AL,29,91,89,5,14,3,0,2,8,0,0,1,22,0.157,0.167,0.258,0.425,14,23,0,0,1,0,0,4/5H,sosale01
697,Juan Soto*,24,SDP,NL,128,559,448,68,116,26,1,24,76,6,5,106,109,0.259,0.399,0.482,0.881,147,216,12,1,0,4,8,*7/DH,sotoju01
698,Livan Soto*,23,LAA,AL,4,12,9,2,2,0,0,0,0,0,0,3,2,0.222,0.417,0.222,0.639,82,2,0,0,0,0,0,/46,sotoli01
699,George Springer,33,TOR,AL,121,530,477,65,122,19,1,15,51,16,4,44,96,0.256,0.323,0.394,0.717,98,188,17,5,0,3,0,*9D/H,springe01
700,Jacob Stallings,33,MIA,NL,65,200,171,15,31,7,0,2,14,0,0,22,49,0.181,0.283,0.257,0.54,50,44,5,3,2,2,0,2/1DH,stallja01
701,Ryne Stanek,31,HOU,AL,1,0,0,0,0,0,0,0,0,0,0,0,0,,,,,,0,0,0,0,0,0,1,stanery01
702,Giancarlo Stanton,33,NYY,AL,77,312,279,34,57,10,0,19,47,0,0,30,81,0.204,0.285,0.444,0.73,98,124,7,2,0,1,3,D9/H7,stantmi03
703,Spencer Steer,25,CIN,NL,124,525,458,57,124,29,2,18,70,11,2,54,105,0.271,0.356,0.461,0.817,117,211,7,9,0,4,0,357/D4H,steersp01
704,Michael Stefanic,27,LAA,AL,11,25,21,3,4,1,0,0,3,0,0,4,2,0.19,0.32,0.238,0.558,56,5,0,0,0,0,0,/4HD5,stefami01
705,Tyler Stephenson,26,CIN,NL,114,432,384,50,93,14,1,10,43,0,1,43,118,0.242,0.324,0.362,0.686,84,139,12,4,0,1,2,2D/H3,stephty01
706,Cal Stevenson*,26,SFG,NL,6,12,9,1,0,0,0,0,0,0,0,3,2,0,0.25,0,0.25,-22,0,0,0,0,0,0,/8,steveca01
707,DJ Stewart*,29,NYM,NL,31,81,69,9,18,4,0,6,12,1,0,8,22,0.261,0.342,0.58,0.921,149,40,2,1,1,1,0,9/HD7,stewadj01
708,Trevor Story,30,BOS,AL,13,55,52,3,11,5,0,0,1,4,1,3,20,0.212,0.255,0.308,0.562,51,16,2,0,0,0,0,/6D,storytr01
709,Bryson Stott*,25,PHI,NL,119,509,465,64,138,27,2,12,51,24,2,32,77,0.297,0.344,0.441,0.785,113,205,10,5,0,7,1,*4/HD,stottbr01
710,Kyle Stowers*,25,BAL,AL,14,33,30,1,2,0,0,0,0,0,0,3,12,0.067,0.152,0.067,0.218,-35,2,1,0,0,0,0,/97HD,stoweky01
711,Myles Straw,28,CLE,AL,120,432,388,46,93,15,3,1,24,15,4,37,84,0.24,0.305,0.302,0.607,72,117,9,1,3,3,0,*8/H,strawmy01
712,Garrett Stubbs*,30,PHI,NL,31,91,81,9,17,3,1,0,5,1,0,7,21,0.21,0.289,0.272,0.56,55,22,0,2,1,0,0,2/H7,stubbga01
713,Eugenio Suárez,31,SEA,AL,127,549,470,51,110,19,0,18,80,2,1,56,166,0.234,0.328,0.389,0.717,102,183,8,14,0,9,0,*5/D,suareeu01
714,Brett Sullivan*,29,SDP,NL,21,49,47,4,8,3,0,1,5,0,0,1,13,0.17,0.184,0.298,0.482,32,14,0,0,0,1,0,2/H,sullibr01
715,Brent Suter*,33,COL,NL,1,0,0,0,0,0,0,0,0,0,0,0,0,,,,,,0,0,0,0,0,0,1,suterbr01
716,Jack Suwinski*,24,PIT,NL,111,407,336,47,68,17,0,21,54,8,2,61,138,0.202,0.332,0.44,0.772,108,148,1,6,0,4,0,*897/HD,suwinja01
717,Seiya Suzuki,28,CHC,NL,104,436,385,53,101,19,3,13,44,5,6,43,103,0.262,0.335,0.429,0.763,102,165,7,2,0,6,1,*9/DH,suzukse01
718,Dansby Swanson,29,CHC,NL,113,489,432,61,107,19,2,19,64,5,1,53,120,0.248,0.333,0.433,0.766,103,187,6,3,0,1,0,*6,swansda01
719,Domingo Tapia,31,SDP,NL,1,0,0,0,0,0,0,0,0,0,0,0,0,,,,,,0,0,0,0,0,0,1,tapiado01
720,Raimel Tapia*,29,TOT,MLB,59,158,139,24,32,4,1,3,13,8,2,15,39,0.23,0.308,0.338,0.646,76,47,2,1,1,1,0,9H7/8D,tapiara01
721,Raimel Tapia*,29,BOS,AL,39,97,87,14,23,4,1,1,10,6,1,9,19,0.264,0.333,0.368,0.701,90,32,1,0,0,0,0,H7/89D,tapiara01
722,Raimel Tapia*,29,MIL,NL,20,61,52,10,9,0,0,2,3,2,1,6,20,0.173,0.267,0.288,0.555,53,15,1,1,1,1,0,9/H87,tapiara01
723,Fernando Tatis Jr.,24,SDP,NL,108,491,445,70,116,27,1,20,66,23,3,40,104,0.261,0.324,0.461,0.785,118,205,12,3,1,2,0,*9/8DH,tatisfe02
724,Mike Tauchman*,32,CHC,NL,76,291,247,47,66,13,0,7,42,5,1,38,58,0.267,0.366,0.405,0.77,106,100,2,2,1,3,0,8H9/D7,tauchmi01
725,Leody Taveras#,24,TEX,AL,110,431,402,53,104,24,3,12,57,11,3,23,96,0.259,0.298,0.423,0.721,95,170,2,1,2,3,0,*8/HD,taverle01
726,Chris Taylor,32,LAD,NL,89,290,256,39,57,10,1,13,38,12,1,30,93,0.223,0.31,0.422,0.732,96,108,2,3,0,1,2,765H/D84,tayloch03
727,Michael A. Taylor,32,MIN,AL,114,337,312,41,71,13,0,19,43,12,1,19,114,0.228,0.278,0.452,0.73,96,141,7,3,2,1,0,*8H,taylomi02
728,Samad Taylor,24,KCR,AL,26,63,54,10,10,1,1,0,4,8,0,7,20,0.185,0.274,0.241,0.515,44,13,1,0,1,1,0,74/H,taylosa04
729,Tyrone Taylor,29,MIL,NL,52,145,138,18,31,8,1,5,18,6,0,5,29,0.225,0.255,0.406,0.661,78,56,6,1,0,1,0,9/H78D,tayloty01
730,Rowdy Tellez*,28,MIL,NL,81,295,262,23,55,7,1,12,37,0,0,30,70,0.21,0.288,0.382,0.67,82,100,9,0,0,3,2,3DH,tellero01
731,José Tena*,22,CLE,AL,3,9,8,2,2,1,0,0,1,0,0,1,3,0.25,0.333,0.375,0.708,100,3,0,0,0,0,0,/6H,tenajo01
732,Matt Thaiss*,28,LAA,AL,90,291,247,31,55,6,0,8,30,2,0,35,75,0.223,0.33,0.344,0.674,84,85,4,6,0,3,1,2H/3D,thaisma01
733,Alek Thomas*,23,ARI,NL,92,282,263,39,65,15,4,7,23,7,1,14,65,0.247,0.291,0.414,0.705,91,109,4,3,0,2,1,*8H/D,thomaal01
734,Cody Thomas*,28,OAK,AL,19,46,42,1,10,3,0,1,2,0,0,4,17,0.238,0.304,0.381,0.685,95,16,1,0,0,0,0,9/HD7,thomaco01
735,Lane Thomas,27,WSN,NL,126,547,503,85,143,31,2,20,69,15,3,31,143,0.284,0.333,0.473,0.806,122,238,4,8,0,5,0,*98/H1,thomala02
736,Bubba Thompson,25,TEX,AL,37,60,53,10,9,4,1,0,4,4,2,4,16,0.17,0.237,0.283,0.52,42,15,0,1,1,1,0,7H/9D8,thompbu01
737,Trayce Thompson,32,TOT,MLB,48,119,100,16,17,1,0,6,16,1,0,18,51,0.17,0.303,0.36,0.663,79,36,1,1,0,0,0,8H79/D,thomptr01
738,Trayce Thompson,32,LAD,NL,36,87,71,12,11,0,0,5,14,0,0,15,37,0.155,0.31,0.366,0.677,82,26,0,1,0,0,0,8H7/9D,thomptr01
739,Trayce Thompson,32,CHW,AL,12,32,29,4,6,1,0,1,2,1,0,3,14,0.207,0.281,0.345,0.626,71,10,1,0,0,0,0,/897H,thomptr01
740,Michael Toglia#,24,COL,NL,39,132,121,15,21,4,0,3,9,1,1,10,45,0.174,0.242,0.281,0.523,35,34,3,1,0,0,0,39/HD7,toglimi01
741,Justin Topa,32,SEA,AL,1,0,0,0,0,0,0,0,0,0,0,0,0,,,,,,0,0,0,0,0,0,1,topaju01
742,Spencer Torkelson,23,DET,AL,125,535,472,68,110,28,1,23,68,3,0,54,129,0.233,0.316,0.443,0.759,106,209,11,5,0,4,1,*3/D,torkesp01
743,Abraham Toro#,26,MIL,NL,9,21,18,4,8,0,0,2,9,0,0,2,5,0.444,0.524,0.778,1.302,252,14,0,1,0,0,0,/5H3D,toroab01
744,Luis Torrens,27,CHC,NL,13,22,20,1,5,1,0,0,3,0,0,1,8,0.25,0.318,0.3,0.618,67,6,0,1,0,0,0,/DH27,torrelu01
745,Gleyber Torres,26,NYY,AL,126,533,477,67,128,19,2,20,52,12,5,48,76,0.268,0.334,0.442,0.776,113,211,18,2,0,6,0,*4D/H,torregl01
746,Ezequiel Tovar,21,COL,NL,119,474,445,63,116,28,3,14,57,7,5,21,128,0.261,0.298,0.431,0.73,86,192,7,4,1,3,0,*6,tovarez01
747,Taylor Trammell*,25,SEA,AL,22,56,46,7,6,0,0,3,11,0,1,9,22,0.13,0.286,0.326,0.612,73,15,2,1,0,0,0,7/DH8,trammta01
748,Alan Trejo,27,COL,NL,66,179,166,16,40,11,0,2,20,4,0,11,44,0.241,0.287,0.343,0.63,63,57,3,0,1,1,0,45H/61,trejoal01
749,Jose Trevino,30,NYY,AL,55,168,157,15,33,4,0,4,15,0,0,8,22,0.21,0.257,0.312,0.57,57,49,6,2,1,0,0,2/H,trevijo01
750,Jared Triolo,25,PIT,NL,36,137,121,16,33,2,0,1,16,3,1,12,42,0.273,0.35,0.314,0.664,83,38,0,3,0,1,0,5/4HD,triolja01
751,Chadwick Tromp,28,ATL,NL,6,16,16,1,2,1,0,0,1,0,0,0,7,0.125,0.125,0.188,0.313,-18,3,0,0,0,0,0,/2,trompch01
752,Mike Trout,31,LAA,AL,82,362,308,54,81,14,1,18,44,2,0,45,104,0.263,0.367,0.49,0.858,130,151,4,7,0,2,2,8/DH,troutmi01
753,Cole Tucker#,26,COL,NL,3,8,7,2,3,0,0,0,2,0,0,1,2,0.429,0.5,0.429,0.929,145,3,0,0,0,0,0,/H98D,tuckeco01
754,Kyle Tucker*,26,HOU,AL,125,534,458,72,134,29,0,25,95,24,3,61,70,0.293,0.372,0.52,0.892,142,238,10,2,0,8,6,*9/DH,tuckeky01
755,Brice Turang*,23,MIL,NL,103,343,311,34,70,8,3,6,29,17,4,31,72,0.225,0.294,0.328,0.622,71,102,6,0,0,1,1,*46H/D,turanbr02
756,Justin Turner,38,BOS,AL,115,496,440,74,127,26,0,20,82,4,0,43,83,0.289,0.359,0.484,0.843,125,213,10,8,0,5,0,D34/5H,turneju01
757,Trea Turner,30,PHI,NL,125,558,519,72,130,27,4,15,49,22,0,37,130,0.25,0.303,0.405,0.707,92,210,7,2,0,0,2,*6/D,turnetr01
758,Luis Urías,26,TOT,MLB,33,118,96,12,18,4,0,3,15,0,0,14,25,0.188,0.328,0.323,0.651,79,31,2,6,0,0,0,45/H,uriaslu01
759,Luis Urías,26,MIL,NL,20,68,55,5,8,2,0,1,5,0,0,7,15,0.145,0.299,0.236,0.535,50,13,1,5,0,0,0,45/H,uriaslu01
760,Luis Urías,26,BOS,AL,13,50,41,7,10,2,0,2,10,0,0,7,10,0.244,0.367,0.439,0.806,117,18,1,1,0,0,0,5-Apr,uriaslu01
761,Ramón Urías,29,BAL,AL,89,323,295,36,75,21,2,4,37,3,1,21,83,0.254,0.316,0.38,0.695,93,112,9,6,0,1,0,543/HD,uriasra01
762,Gio Urshela,31,LAA,AL,62,228,214,22,64,8,1,2,24,3,2,10,36,0.299,0.329,0.374,0.703,91,80,9,1,0,3,0,53/6H4,urshegi01
763,Enmanuel Valdez*,24,BOS,AL,33,101,94,9,22,4,0,4,11,4,1,5,27,0.234,0.28,0.404,0.684,82,38,2,1,0,0,0,4/H6,valdeen01
764,Ildemaro Vargas#,31,WSN,NL,61,196,184,23,43,9,1,4,25,0,1,10,12,0.234,0.272,0.359,0.63,75,66,7,0,1,1,0,5H6/7419,vargail01
765,Miguel Vargas,23,LAD,NL,81,304,256,36,50,15,4,7,32,3,2,38,61,0.195,0.305,0.367,0.672,81,94,1,4,1,4,1,4H/3D,vargami01
766,Daulton Varsho*,26,TOR,AL,126,471,427,52,95,20,1,16,47,15,5,36,110,0.222,0.286,0.386,0.672,85,165,4,3,1,3,0,*78/HD,varshda01
767,Andrew Vaughn,25,CHW,AL,118,485,441,53,113,24,2,16,64,0,0,31,100,0.256,0.32,0.429,0.748,103,189,12,11,0,2,0,*3/DH,vaughan01
768,Terrin Vavra*,26,BAL,AL,27,56,49,9,12,0,0,0,5,1,0,5,12,0.245,0.315,0.245,0.56,60,12,5,0,2,0,0,9/7HD54,vavrate01
769,Christian Vázquez,32,MIN,AL,81,282,259,28,59,11,0,4,26,0,0,20,61,0.228,0.285,0.317,0.601,65,82,9,1,1,1,1,2/3H,vazquch01
770,Andrew Velazquez#,28,LAA,AL,48,85,73,11,14,3,0,2,2,11,2,10,29,0.192,0.289,0.315,0.604,64,23,1,0,2,0,0,6H4/8,velazan01
771,Nelson Velázquez,24,TOT,MLB,24,68,64,15,15,2,0,7,11,0,0,3,17,0.234,0.279,0.594,0.873,128,38,2,1,0,0,0,/D9H78,velazne01
772,Nelson Velázquez,24,CHC,NL,13,32,29,8,7,2,0,3,6,0,0,3,8,0.241,0.313,0.621,0.933,141,18,1,0,0,0,0,/DH987,velazne01
773,Nelson Velázquez,24,KCR,AL,11,36,35,7,8,0,0,4,5,0,0,0,9,0.229,0.25,0.571,0.821,117,20,1,1,0,0,0,/9D7H,velazne01
774,Alex Verdugo*,27,BOS,AL,115,496,445,71,124,33,4,10,49,4,3,41,74,0.279,0.345,0.438,0.783,110,195,8,6,0,4,1,*9/H,verdual01
775,Alex Vesia*,27,LAD,NL,2,0,0,0,0,0,0,0,0,0,0,0,0,,,,,,0,0,0,0,0,0,1,vesiaal01
776,Mark Vientos,23,NYM,NL,37,126,118,5,23,5,0,2,10,0,0,5,38,0.195,0.23,0.288,0.518,43,34,3,1,0,2,0,D5/3H,vientma01
777,Matt Vierling,26,DET,AL,103,400,368,41,97,13,3,7,30,5,6,29,79,0.264,0.323,0.372,0.695,91,137,8,3,0,0,0,*9875H/4,vierlma01
778,David Villar,26,SFG,NL,46,140,124,15,18,6,0,5,12,1,1,11,45,0.145,0.236,0.315,0.55,50,39,1,4,0,1,0,45/3HD1,villada01
779,Meibrys Viloria*,26,CLE,AL,10,4,3,0,0,0,0,0,0,0,0,1,0,0,0.25,0,0.25,-20,0,1,0,0,0,0,2,vilorme01
780,Daniel Vogelbach*,30,NYM,NL,90,280,241,29,54,7,0,11,41,0,0,38,71,0.224,0.332,0.39,0.722,100,94,6,1,0,0,1,DH,vogelda01
781,Luke Voit,32,MIL,NL,22,74,68,5,15,3,0,0,4,2,0,4,27,0.221,0.284,0.265,0.548,53,18,3,2,0,0,0,3D/H,voitlu01
782,Anthony Volpe,22,NYY,AL,127,470,420,49,90,15,4,17,51,20,5,43,129,0.214,0.292,0.39,0.683,87,164,9,4,1,2,0,*6/H,volpean01
783,Jason Vosler*,29,CIN,NL,20,65,62,6,10,2,1,3,10,0,0,3,25,0.161,0.2,0.371,0.571,49,23,0,0,0,0,0,3/51H,vosleja01
784,Joey Votto*,39,CIN,NL,51,195,170,20,34,5,0,13,33,0,0,20,55,0.2,0.303,0.459,0.761,100,78,1,5,0,0,0,3D/H,vottojo01
785,LaMonte Wade Jr.*,29,SFG,NL,110,426,351,52,90,14,1,13,35,2,0,66,86,0.256,0.378,0.413,0.791,119,145,3,4,3,2,2,*37H/9D8,wadela01
786,Tyler Wade*,28,OAK,AL,26,55,51,8,13,1,1,0,2,4,0,4,13,0.255,0.309,0.314,0.623,80,16,0,0,0,0,0,6/H759D,wadety01
787,Christian Walker,32,ARI,NL,124,526,464,68,125,34,0,28,84,8,0,52,103,0.269,0.345,0.524,0.868,135,243,9,4,0,5,3,*3/DH,walkech02
788,Jordan Walker,21,STL,NL,85,334,303,33,78,13,1,11,35,6,4,26,76,0.257,0.326,0.416,0.742,103,126,7,5,0,0,0,97/DH,walkejo02
789,Forrest Wall*,27,ATL,NL,4,4,4,1,1,1,0,0,0,2,1,0,2,0.25,0.25,0.5,0.75,94,2,0,0,0,0,0,/H87,wallfo01
790,Chad Wallach,31,LAA,AL,58,149,134,17,28,3,1,7,13,0,1,13,51,0.209,0.279,0.403,0.682,82,54,5,0,2,0,0,2/H3D,wallach01
791,Matt Wallner*,25,MIN,AL,44,138,119,22,28,5,0,9,22,2,1,10,44,0.235,0.341,0.504,0.845,128,60,0,9,0,0,0,97/DH,wallnma01
792,Taylor Walls#,26,TBR,AL,79,279,242,42,51,11,2,7,27,20,1,36,71,0.211,0.315,0.36,0.675,88,87,1,1,0,0,0,546/H,wallsta01
793,Jared Walsh*,29,LAA,AL,28,78,67,5,8,4,0,1,5,0,0,11,26,0.119,0.244,0.224,0.467,29,15,1,0,0,0,0,3/H,walshja01
794,Taylor Ward,29,LAA,AL,97,409,356,60,90,18,0,14,47,4,2,39,80,0.253,0.335,0.421,0.756,104,150,9,8,0,6,0,*7/H3,wardta01
795,Drew Waters#,24,KCR,AL,70,244,219,31,50,5,5,7,25,10,4,19,81,0.228,0.299,0.393,0.692,89,86,4,4,0,2,0,89/D7H,waterdr01
796,Joey Wendle*,33,MIA,NL,88,266,247,29,57,15,3,1,16,5,0,11,60,0.231,0.266,0.328,0.594,62,81,6,2,3,3,0,6/H,wendljo01
797,Hayden Wesneski,25,CHC,NL,1,0,0,0,0,0,0,0,0,0,0,0,0,,,,,,0,0,0,0,0,0,1,wesneha01
798,Jordan Westburg,24,BAL,AL,43,154,144,19,38,10,2,2,17,3,1,7,36,0.264,0.299,0.403,0.701,94,58,3,1,0,2,0,45/H,westbjo01
799,Eli White,29,ATL,NL,6,17,14,1,1,0,0,0,0,0,0,2,7,0.071,0.235,0.071,0.307,-12,1,0,1,0,0,0,/8H,whiteel04
800,Joey Wiemer,24,MIL,NL,117,384,344,45,73,17,0,13,40,11,4,34,105,0.212,0.289,0.375,0.664,81,129,4,4,0,2,0,*89/7H,wiemejo01
801,Alika Williams,24,PIT,NL,27,75,67,4,14,4,0,0,5,0,0,8,22,0.209,0.293,0.269,0.562,55,18,1,0,0,0,0,6/H,willial04
802,Luke Williams,26,TOT,NL,6,11,11,1,1,0,0,0,0,1,0,0,4,0.091,0.091,0.091,0.182,-50,1,0,0,0,0,0,/6HD1,willilu01
803,Luke Williams,26,LAD,NL,4,10,10,0,1,0,0,0,0,1,0,0,3,0.1,0.1,0.1,0.2,-45,1,0,0,0,0,0,/61H,willilu01
804,Luke Williams,26,ATL,NL,2,1,1,1,0,0,0,0,0,0,0,0,1,0,0,0,0,-100,0,0,0,0,0,0,/HD,willilu01
805,Weston Wilson,28,PHI,NL,4,11,6,3,2,0,0,1,1,1,1,5,1,0.333,0.636,0.833,1.47,299,5,0,0,0,0,0,/7H9,wilsowe01
806,Jesse Winker*,29,MIL,NL,61,197,166,16,33,5,0,1,23,0,0,26,51,0.199,0.32,0.247,0.567,60,41,0,4,0,1,0,DH/97,winkeje01
807,Masyn Winn,21,STL,NL,6,23,23,0,5,1,0,0,1,1,0,0,6,0.217,0.217,0.261,0.478,31,6,0,0,0,0,0,/6,winnma01
808,Patrick Wisdom,31,CHC,NL,80,265,233,39,46,7,1,20,40,4,2,28,102,0.197,0.288,0.494,0.781,103,115,4,2,1,1,0,5H/D379,wisdopa01
809,Brett Wisely*,24,SFG,NL,51,131,120,10,21,5,0,2,8,2,1,9,40,0.175,0.231,0.267,0.497,37,32,2,0,1,1,0,48/H716,wiselbr01
810,Bobby Witt,23,KCR,AL,126,551,514,73,144,24,7,26,81,37,9,28,101,0.28,0.32,0.506,0.826,123,260,7,4,1,4,0,*6D/H,wittbo02
811,Nick Wittgren,32,KCR,AL,1,0,0,0,0,0,0,0,0,0,0,0,0,,,,,,0,0,0,0,0,0,1,wittgni01
812,Connor Wong,27,BOS,AL,101,322,298,48,74,23,1,8,31,5,2,18,108,0.248,0.299,0.413,0.712,90,123,2,4,1,1,0,*2/H4D,wongco01
813,Kolten Wong*,32,SEA,AL,67,216,194,21,32,6,0,2,19,1,1,16,46,0.165,0.241,0.227,0.468,34,44,0,4,0,2,0,4/H,wongko01
814,Austin Wynns,32,TOT,NL,37,101,89,7,17,5,0,1,7,1,0,7,30,0.191,0.255,0.281,0.536,40,25,4,1,3,1,0,2/H,wynnsau01
815,Austin Wynns,32,SFG,NL,1,2,2,0,0,0,0,0,0,0,0,0,2,0,0,0,0,-100,0,0,0,0,0,0,/2,wynnsau01
816,Austin Wynns,32,LAD,NL,5,12,11,0,2,1,0,0,2,0,0,1,5,0.182,0.25,0.273,0.523,42,3,0,0,0,0,0,/2,wynnsau01
817,Austin Wynns,32,COL,NL,31,87,76,7,15,4,0,1,5,1,0,6,23,0.197,0.262,0.289,0.551,43,22,4,1,3,1,0,2/H,wynnsau01
818,Mike Yastrzemski*,32,SFG,NL,77,285,253,43,59,17,1,11,32,1,2,29,74,0.233,0.314,0.439,0.753,105,111,2,1,2,0,3,897/H,yastrmi01
819,Christian Yelich*,31,MIL,NL,123,541,476,88,136,30,1,16,67,27,2,62,111,0.286,0.372,0.454,0.825,126,216,11,3,0,0,6,*7D/H,yelicch01
820,Juan Yepez,25,STL,NL,20,46,42,5,9,1,0,2,2,0,1,3,13,0.214,0.283,0.381,0.664,81,16,0,1,0,0,0,/7DH9,yepezju01
821,Masataka Yoshida*,29,BOS,AL,113,480,441,62,130,27,3,13,62,8,0,30,61,0.295,0.348,0.458,0.806,116,202,17,7,0,2,0,7D/H,yoshima02
822,Alex Young*,29,CIN,NL,2,0,0,0,0,0,0,0,0,0,0,0,0,,,,,,0,0,0,0,0,0,1,youngal01
823,Jared Young*,27,CHC,NL,13,39,35,7,6,0,2,1,5,2,0,3,11,0.171,0.256,0.371,0.628,65,13,1,1,0,0,0,3/DH,youngja02
824,Seby Zavala,29,CHW,AL,66,176,161,15,25,3,0,7,16,1,0,10,68,0.155,0.207,0.304,0.511,38,49,4,1,2,2,0,2/H,zavalse01
825,Mike Zunino,32,CLE,AL,42,140,124,11,22,7,0,3,11,0,0,15,61,0.177,0.271,0.306,0.578,63,38,3,1,0,0,0,2,zuninmi01